repo_name,stars,forks,pushes,prs,issues,distinct_actors,active_days,total_events,is_ai
codecrafters-io/build-your-own-x,95256,8663,5,77,236,99492,327,104237,false
deepseek-ai/deepseek-r1,86728,11240,19,83,1122,93375,306,99192,false
deepseek-ai/deepseek-v3,84948,14788,28,279,1117,94313,326,101160,false
unionlabs/union,79455,3383,4856,2238,508,72161,316,90440,false
n8n-io/n8n,74695,30313,23995,6225,6443,102050,328,141671,false
x1xhlol/system-prompts-and-models-of-ai-tools,68406,17564,254,135,154,79208,260,86513,false
langflow-ai/langflow,63830,2791,12578,6663,1670,64927,329,87532,false
digitalplatdev/freedomain,60756,802,19,28,6561,57422,312,68166,false
punkpeye/awesome-mcp-servers,58710,4657,680,1681,158,61218,323,65886,false
sindresorhus/awesome,58592,3041,31,179,189,59834,327,62032,false
browser-use/browser-use,56182,7007,3394,2670,1782,60360,325,71035,false
langgenius/dify,52407,8654,7400,6484,14082,59524,327,89027,false
modelcontextprotocol/servers,52307,6125,855,2740,756,56805,326,62783,false
open-webui/open-webui,50868,8652,2993,4030,4192,58388,326,70735,false
google-gemini/gemini-cli,49100,5190,6495,3846,9455,54615,153,74086,false
shubhamsaboo/awesome-llm-apps,47167,5552,212,308,144,50402,325,53383,false
ollama/ollama,44259,4446,2483,1825,4707,48905,326,57720,true
public-apis/public-apis,43107,3979,2,357,241,45476,328,47686,false
mannaandpoem/openmanus,42603,7275,249,592,819,46429,189,51538,false
tapxworld/chinatextbook,40993,8376,5,43,129,45735,320,49546,false
inkonchain/node,40821,612,19,28,28,39835,257,41508,false
microsoft/markitdown,40685,2562,186,301,420,42187,326,44154,false
inkonchain/docs,40589,435,311,340,18,39905,275,41693,false
inkonchain/ink-kit,40393,401,60,61,6,39671,265,40921,false
awesome-selfhosted/awesome-selfhosted,37615,1458,170,3,10,38238,326,39256,false
massgravel/microsoft-activation-scripts,36958,3554,139,22,457,38873,327,41130,false
openai/codex,36867,4086,7538,3737,4292,40637,222,56520,false
yeongpin/cursor-free-vip,34680,3841,377,184,1427,36988,316,40509,false
infiniflow/ragflow,34170,3659,1785,4274,4257,36570,326,48145,false
donnemartin/system-design-primer,33169,4419,3,48,62,35982,325,37701,false
practical-tutorials/project-based-learning,32830,4359,0,43,27,35665,326,37259,false
microsoft/ai-agents-for-beginners,32826,9817,248,400,129,40165,281,43420,false
kamranahmedse/developer-roadmap,32803,3410,1469,1214,664,35117,325,39560,false
vinta/awesome-python,32662,1423,7,160,0,33299,328,34252,false
trimstray/the-book-of-secret-knowledge,32116,1598,0,44,0,32838,328,33758,false
virattt/ai-hedge-fund,31276,5588,261,330,323,34531,324,37778,false
deepseek-ai/awesome-deepseek-integration,30624,3421,208,562,111,32552,322,34926,false
yt-dlp/yt-dlp,30226,2616,464,1209,3499,32943,328,38014,false
cline/cline,30184,3298,7107,4070,3047,33244,327,47706,false
unclecode/crawl4ai,30179,3366,452,331,802,32353,324,35130,false
hacksider/deep-live-cam,29709,4129,129,198,717,32501,325,34882,false
astral-sh/uv,29649,961,5771,4234,4635,31680,325,45250,false
rasbt/llms-from-scratch,29128,4586,362,339,108,32123,326,34523,false
clash-verge-rev/clash-verge-rev,28851,2186,1681,607,3662,30876,327,36987,false
pathwaycom/pathway,28849,778,521,9,59,28325,327,30216,false
521xueweihan/hellogithub,28193,922,35,9,215,28373,325,29374,false
linera-io/linera-protocol,27944,1648,3161,1864,572,27405,322,35189,false
microsoft/generative-ai-for-beginners,27863,15052,166,372,101,40081,326,43554,false
cherryhq/cherry-studio,27259,2669,4659,4270,10803,30860,328,49660,false
anthropics/claude-code,26003,1587,159,205,16027,31513,275,43981,false
pathwaycom/llm-app,25925,566,30,3,2,25487,326,26526,false
patrickjs/awesome-cursorrules,25202,2161,53,98,35,26349,324,27549,false
opencut-app/opencut,25159,2368,359,429,184,26721,155,28499,false
ebookfoundation/free-programming-books,25149,2552,278,962,146,26900,327,29087,false
comfyanonymous/comfyui,24483,3078,1369,1617,3362,28109,327,33909,true
zie619/n8n-workflows,23941,6669,36,66,77,29067,182,30789,false
huggingface/open-r1,23802,2303,706,439,449,24993,291,27699,false
github/spec-kit,23664,1546,156,237,417,24880,89,26020,false
jingyaogong/minimind,23311,2400,86,43,558,24303,325,26398,false
unslothai/unsloth,23237,2091,1719,565,2354,25199,325,29966,true
upstash/context7,23096,1104,243,224,933,24109,239,25600,false
mendableai/firecrawl,22813,2282,1817,992,378,24218,228,28282,false
vllm-project/vllm,22471,4341,6629,15572,9349,28479,328,58362,true
anduin2017/howtocook,22146,1632,191,236,139,22860,326,24344,false
ladybirdbrowser/ladybird,22025,951,1881,4238,872,22668,326,29967,false
harry0703/moneyprinterturbo,21803,2695,43,95,172,23336,325,24808,false
ruanyf/weekly,21745,527,51,21,1743,22643,326,24087,false
freecodecamp/freecodecamp,21031,3782,1940,5421,3027,23926,327,35201,false
davidhdev/react-bits,20942,826,474,234,575,21395,326,23051,false
all-hands-ai/openhands,20703,2759,11819,5399,2514,22859,290,43194,false
immich-app/immich,20267,1195,10042,4564,3491,22200,326,39559,false
mlabonne/llm-course,20221,2178,10,7,17,21518,326,22433,false
jwasham/coding-interview-university,19956,3887,0,24,40,22562,324,23907,false
9001/copyparty,19821,761,390,151,552,20403,299,21675,false
huggingface/agents-course,19760,1313,476,618,213,20264,284,22380,false
huggingface/smolagents,19743,1773,1457,1613,934,20875,325,25520,false
microsoft/typescript-go,19671,650,1873,1339,624,19963,257,24157,false
yuaotian/go-cursor-help,19258,2186,173,57,858,20422,322,22532,false
hiyouga/llama-factory,19135,2289,527,844,3007,21468,326,25802,true
opendatalab/mineru,18875,1728,754,1150,1697,20274,326,24204,false
torvalds/linux,18823,3642,647,523,0,21204,326,23635,false
github/github-mcp-server,18723,1849,770,652,592,20278,232,22586,false
f/awesome-chatgpt-prompts,18690,2159,387,245,0,20055,325,21481,false
sst/opencode,18534,1225,2910,1322,3453,20071,196,27444,false
avelino/awesome-go,18390,689,146,361,73,18769,326,19659,false
langchain-ai/langchain,18325,3043,3626,5189,1604,21209,326,31787,true
rustdesk/rustdesk,18307,7833,482,1289,816,22973,326,28727,false
mintplex-labs/anything-llm,18225,1963,1120,744,1766,19931,325,23818,false
excalidraw/excalidraw,17494,2404,1461,610,745,19537,325,22714,false
juspay/hyperswitch,17467,2519,10227,2630,1578,18461,327,34421,false
ossu/computer-science,17460,2096,22,64,32,18817,326,19674,false
stirling-tools/stirling-pdf,17161,1579,3502,2958,694,18355,326,25894,false
glanceapp/glance,17155,732,143,205,363,17551,325,18598,false
microsoft/omniparser,16882,1461,36,60,181,17763,317,18620,false
block/goose,16797,1343,9605,4749,1672,17889,327,34166,false
eyaltoledano/claude-task-master,16750,1688,951,799,749,17835,248,20937,false
shadcn-ui/ui,16705,1856,796,1460,1214,18807,326,22031,false
microsoft/playwright-mcp,16654,1221,327,809,857,17699,248,19868,false
ghostty-org/ghostty,16418,714,1374,2080,1196,16842,326,21782,false
ripienaar/free-for-dev,16326,1459,116,407,0,17247,326,18308,false
dzhng/deep-research,16262,1721,46,82,119,17185,287,18230,false
camel-ai/owl,16261,1910,419,292,634,17433,254,19516,false
lobehub/lobe-chat,16140,4665,6824,3399,3594,19748,328,34622,false
bytedance/ui-tars-desktop,16108,1463,3938,1513,558,17042,305,23580,false
nari-labs/dia,15947,1303,68,129,224,16738,211,17671,false
maybe-finance/maybe,15889,1589,862,715,494,16979,320,19549,false
78/xiaozhi-esp32,15838,3052,455,776,894,17680,326,21015,false
max-eee/neopass,15562,44,27,5,67,14906,303,15705,false
voideditor/void,15419,1290,1308,447,528,16374,324,18992,false
deepseek-ai/janus,15270,2076,5,31,167,16711,286,17549,false
kortix-ai/suna,15232,2518,1131,1005,1227,16870,220,21113,false
ocrmypdf/ocrmypdf,15156,1010,41,42,109,15689,322,16358,false
zama-ai/fhevm,15026,639,1999,846,111,14903,211,18621,false
th-ch/youtube-music,14996,835,837,775,555,15706,261,17998,false
modelcontextprotocol/python-sdk,14758,1985,855,853,964,16553,325,19415,false
fosowl/agenticseek,14738,1512,595,322,230,15712,271,17397,false
bytedance/deer-flow,14713,1742,223,359,401,15521,199,17438,false
zed-industries/zed,14534,1961,19174,14577,10291,18379,327,60537,false
asgeirtj/system_prompts_leaks,14525,2347,142,30,8,16121,204,17052,false
google/a2a,14493,1401,454,572,293,15374,49,17213,false
jlowin/fastmcp,14411,962,1459,1474,1291,15288,324,19597,false
deepseek-ai/deepseek-coder,14371,1953,1,22,298,15726,317,16645,false
byaidu/pdfmathtranslate,14356,1354,132,233,870,15286,313,16945,false
mem0ai/mem0,14334,1676,809,1261,594,15655,327,18674,false
patchy631/ai-engineering-hub,14151,2163,194,163,31,15567,326,16702,false
zen-browser/desktop,14138,647,3088,810,8406,16656,325,27089,false
2dust/v2rayn,14131,1625,59,160,1057,15513,325,17032,false
openbb-finance/openbb,14116,1375,779,330,89,15022,325,16689,false
lllyasviel/framepack,14000,1189,19,57,536,14917,214,15801,false
mastra-ai/mastra,13947,919,21273,7312,4606,14620,329,48057,false
nanmicoder/mediacrawler,13911,2126,70,79,194,15147,324,16380,false
tauricresearch/tradingagents,13863,2399,14,96,120,15631,226,16492,false
kvcache-ai/ktransformers,13585,962,527,588,1172,14188,312,16834,false
openai/whisper,13471,1959,14,74,0,15007,326,15518,true
docling-project/docling,13438,1083,744,459,886,14595,254,16610,false
allenai/olmocr,13334,915,797,147,352,13921,278,15545,false
khoj-ai/khoj,13301,941,487,129,119,13784,324,14977,false
jackfrued/python-100-days,13298,2246,71,71,43,14405,325,15729,false
thealgorithms/python,13247,2561,182,1526,117,15293,328,17633,false
getzep/graphiti,13227,1191,709,665,303,14041,324,16095,false
agno-agi/agno,13158,1574,6830,2472,1789,14510,296,25823,false
openai/openai-agents-python,13087,2080,2168,1396,1335,14775,257,20066,false
supabase/supabase,13078,2548,9763,5412,1729,15888,327,32530,false
huggingface/transformers,12990,3281,8404,5815,2820,16752,328,33310,true
crewaiinc/crewai,12988,1650,3016,1806,950,14472,325,20410,true
sesameailabs/csm,12983,1201,18,64,195,13586,257,14461,false
onlook-dev/onlook,12968,951,3230,2205,758,13622,324,20112,false
browser-use/web-ui,12930,2292,126,334,547,14731,314,16229,false
dokploy/dokploy,12833,811,1443,1099,1283,13606,324,17469,false
xming521/weclone,12829,954,248,103,144,13248,275,14278,false
better-auth/better-auth,12813,1169,3415,3297,2449,14163,325,23143,false
sansan0/trendradar,12713,1689,1560,159,237,13968,206,16358,false
christitustech/winutil,12631,592,133,226,417,13047,325,13999,false
wan-video/wan2.1,12596,1346,49,91,522,13452,270,14604,false
mindverse/second-me,12587,907,499,343,196,12963,244,14532,false
genymobile/scrcpy,12500,1071,62,83,706,13579,326,14422,false
ahmedkhaleel2004/gitdiagram,12497,913,46,45,144,12978,319,13645,false
raga-ai-hub/ragaai-catalyst,12481,3018,45,115,13,11604,271,15672,false
suitenumerique/docs,12456,339,2737,881,503,12689,316,16916,false
krahets/hello-algo,12442,1376,136,190,65,13153,324,14209,false
louislam/uptime-kuma,12396,1281,200,380,900,13635,324,15157,false
daytonaio/daytona,12382,1036,1643,943,370,12363,324,16374,false
srbhr/resume-matcher,12366,1811,84,158,106,13719,322,14525,false
shadps4-emu/shadps4,12326,710,2302,1923,758,12945,324,18019,false
subframe7536/maple-font,12323,612,403,45,378,12661,324,13761,false
ggml-org/llama.cpp,12320,2100,2694,3803,2686,14764,280,23603,false
stanford-oval/storm,12242,1062,11,70,107,12821,318,13492,false
fosrl/pangolin,12212,318,1860,619,1052,12285,321,16061,false
microsoft/vscode,12163,5385,14793,14526,43804,27492,329,90671,false
rvc-boss/gpt-sovits,12161,1251,189,196,808,13117,325,14605,false
anthropics/prompt-eng-interactive-tutorial,12147,1048,0,15,6,12857,326,13216,false
ahujasid/blender-mcp,12124,1097,66,73,132,12774,258,13492,false
apple/container,12111,288,165,319,352,12354,166,13235,false
musistudio/claude-code-router,12069,890,96,93,664,12945,241,13812,false
automatic1111/stable-diffusion-webui,12067,2228,13,163,165,13820,325,14636,true
datawhalechina/happy-llm,12034,952,92,43,102,12643,179,13223,false
juliangarnier/anime,12028,565,105,60,250,12336,323,13008,false
clockworklabs/spacetimedb,12008,459,3322,1024,705,12276,319,17518,false
composiohq/composio,12005,464,1690,1026,424,11940,323,15609,false
exo-explore/exo,11999,945,132,172,188,12610,325,13436,false
microsoft/autogen,11984,2228,2626,1658,1455,13873,324,19951,true
yamadashy/repomix,11981,496,1195,786,196,12211,326,14654,false
browserbase/stagehand,11967,741,2363,958,267,12350,326,16296,false
lynx-family/lynx,11902,428,6015,3680,488,12133,261,22513,false
aider-ai/aider,11842,1197,740,492,1785,13340,324,16056,false
gar-b-age/cooklikehoc,11833,1080,19,35,89,12579,143,13056,false
siyuan-note/siyuan,11827,617,2093,348,3631,12364,325,18516,false
berriai/litellm,11766,2060,13599,6638,5903,14850,325,39966,true
microsoft/qlib,11734,1531,106,90,100,12721,326,13561,false
paddlepaddle/paddleocr,11688,790,595,755,1219,12568,327,15047,false
666ghj/bettafish,11669,0,98,78,277,11649,43,12122,false
linshenkx/prompt-optimizer,11662,1394,66,54,170,12477,269,13346,false
google/adk-python,11626,1563,2118,1403,2543,13222,227,19253,false
toeverything/affine,11625,919,15790,5557,1374,12493,325,35265,false
volcengine/verl,11606,1785,1676,2748,1711,13059,325,19526,false
anoma/anoma,11601,3131,557,298,140,11566,280,15727,false
community-scripts/proxmoxve,11564,1348,7171,6936,2639,13169,326,29658,false
dockur/windows,11527,1026,185,81,310,12374,325,13129,false
jiayi-pan/tinyzero,11505,1443,22,25,102,12321,274,13097,false
alvin9999/new-pac,11467,772,28688,2,230,11705,326,41159,false
conductor-oss/conductor,11360,204,2141,313,122,10864,315,14140,false
localsend/localsend,11358,620,218,115,417,11892,325,12728,false
coze-dev/coze-studio,11239,1509,680,450,1198,12522,123,15076,false
cloudcommunity/free-certifications,11236,472,6,7,15,11488,327,11736,false
simstudioai/sim,11214,1477,4363,1873,315,12260,272,19242,false
raphire/win11debloat,11166,377,135,46,123,11373,327,11847,false
bregman-arie/devops-exercises,11142,2433,20,62,13,12943,325,13670,false
imputnet/cobalt,11100,1060,499,180,472,11857,325,13311,false
deepseek-ai/flashmla,10875,786,31,45,79,11249,212,11816,false
microsoft/powertoys,10836,768,3436,1577,8700,14612,326,25317,false
jaywcjlove/awesome-mac,10800,437,235,124,77,11013,326,11673,false
ultralytics/ultralytics,10796,2177,9117,2512,4424,13590,326,29026,true
iptv-org/iptv,10785,1098,934,643,14387,12315,327,27847,false
hack-with-github/awesome-hacking,10742,524,1,11,0,10988,325,11278,false
microsoft/data-formulator,10674,970,228,110,90,11269,305,12072,false
yangshun/tech-interview-handbook,10659,944,14,28,19,11303,324,11664,false
dataexpert-io/data-engineer-handbook,10618,2389,32,113,58,12316,325,13210,false
datawhalechina/self-llm,10587,943,87,110,75,11131,324,11802,false
techarohq/anubis,10520,307,858,869,575,10805,250,13129,false
openlistteam/openlist,10413,906,546,491,1027,11145,164,13383,false
astral-sh/ty,10405,101,274,264,1523,10590,199,12567,false
microsoft/wsl,10401,523,361,376,1416,11275,325,13077,false
humanlayer/12-factor-agents,10367,703,133,88,14,10788,235,11305,false
handsonllm/hands-on-large-language-models,10362,2223,34,35,55,11847,325,12709,false
fastapi/fastapi,10338,1195,833,1154,31,11236,326,13551,false
sgl-project/sglang,10320,1843,9592,10101,4445,12595,328,36301,false
facebook/react,10278,2987,4800,2698,1549,12827,325,22312,false
significant-gravitas/autogpt,10045,2601,5685,2363,839,12081,328,21533,false
ourongxing/newsnow,10043,2937,130,107,164,11913,323,13381,false
dyad-sh/dyad,10015,1035,808,787,1184,10970,235,13829,false
gofr-dev/gofr,9964,1498,1586,1219,383,9763,317,14650,false
wshobson/agents,9932,991,45,59,45,10617,123,11072,false
zama-ai/bounty-program,9919,265,17,27,15,9914,141,10243,false
readest/readest,9870,526,848,1504,1631,10308,326,14379,false
zju-llms/foundations-of-llms,9867,839,1,3,46,10287,316,10756,false
nirdiamant/genai_agents,9861,1566,30,19,13,10898,324,11489,false
roovetgit/roo-code,9841,1226,3947,3271,1487,11026,120,19772,false
jesseduffield/lazygit,9794,329,692,568,550,10142,326,11933,false
henrygd/beszel,9787,298,1030,168,888,10120,326,12171,false
google-gemini/gemini-fullstack-langgraph-quickstart,9778,1682,8,118,55,10967,172,11641,false
firecrawl/firecrawl,9774,399,516,270,147,10051,99,11106,false
geekan/metagpt,9738,1191,27,75,213,10461,120,11244,true
nirdiamant/rag_techniques,9632,1066,75,37,21,10345,325,10831,false
flowiseai/flowise,9631,4994,755,820,945,14332,328,17145,false
enescingoz/awesome-n8n-templates,9617,2471,23,16,32,11516,198,12159,false
emcie-co/parlant,9601,695,1495,332,167,10018,325,12290,false
langchain-ai/langgraph,9559,1724,3966,2968,981,11327,326,19198,false
openai/gpt-oss,9549,945,74,179,1,10288,110,10748,false
dair-ai/prompt-engineering-guide,9497,1142,51,105,20,10319,326,10815,false
hesreallyhim/awesome-claude-code,9472,491,173,186,229,9803,196,10551,false
hkuds/lightrag,9426,1463,1077,1281,1411,10761,324,14658,false
google/langextract,9420,639,123,149,121,9934,122,10452,false
karpathy/nanochat,9412,0,41,135,47,9462,47,9635,false
fatedier/frp,9412,979,67,136,538,10228,324,11132,false
freqtrade/freqtrade,9408,2163,1285,1145,930,11102,325,14931,false
microsoft/bitnet,9405,795,46,48,128,9964,314,10422,false
sparkaudio/spark-tts,9403,1008,20,34,217,10079,253,10682,false
chen08209/flclash,9402,591,1042,45,895,9897,324,11975,false
chengazhen/cursor-auto-free,9372,1412,151,96,561,10076,312,11592,false
fujiwarachoki/moneyprinterv2,9362,840,11,29,28,9810,297,10270,false
tabbyml/tabby,9356,537,1254,905,251,9724,322,12303,false
godotengine/godot,9355,2560,445,8781,7615,13492,327,28756,false
jujumilk3/leaked-system-prompts,9311,1250,60,59,25,10112,321,10705,false
conardli/easy-dataset,9259,892,265,217,592,9666,262,11225,false
oraios/serena,9241,572,645,321,432,9723,235,11211,false
gyulyvgc/sniffnet,9232,377,450,360,152,9472,325,10571,false
coleam00/archon,9226,1605,332,392,349,10339,288,11904,false
microsoft/edit,9195,408,174,332,426,9546,183,10535,false
glips/figma-context-mcp,9190,702,127,158,208,9694,282,10385,false
stackblitz-labs/bolt.diy,9190,7996,188,1062,824,15119,323,19260,false
ashishpatel26/500-ai-agents-projects,9173,1519,12,26,8,10300,309,10738,false
moeru-ai/airi,9171,800,1631,604,217,9678,316,12423,false
twentyhq/twenty,9114,1525,12878,5832,2631,10484,326,31980,false
metacubex/clashmetaforandroid,9095,554,456,65,0,9185,325,10170,false
tauri-apps/tauri,9089,434,2091,1410,1420,9860,326,14444,false
ayangweb/bongocat,9063,404,448,286,773,9382,226,10974,false
tencent/hunyuan3d-2,9053,746,115,71,243,9563,121,10228,false
nautechsystems/nautilus_trader,9022,871,3022,1075,401,9624,325,14391,false
elizaos/eliza,9000,3733,6844,5563,1775,11750,324,26915,false
coollabsio/coolify,8991,962,1395,1265,1441,10225,325,14054,false
krtirtho/spotube,8977,427,257,71,687,9440,325,10419,false
maotoumao/musicfree,8961,516,88,18,154,9229,324,9737,false
drawdb-io/drawdb,8935,723,191,295,169,9460,325,10313,false
algerkong/algermusicplayer,8921,727,254,131,472,9345,323,10505,false
neovim/neovim,8902,708,1940,4379,2019,9775,326,17948,false
lightpanda-io/browser,8849,235,1138,880,210,8952,321,11312,false
asyncfuncai/deepwiki-open,8842,862,116,217,192,9395,206,10229,false
bin-huang/chatbox,8832,780,17,63,377,9452,78,10069,false
predidit/kazumi,8827,251,360,230,1075,9082,325,10743,false
docmost/docmost,8824,578,638,404,585,9345,325,11029,false
picotrex/awesome-nano-banana-images,8812,770,17,9,15,9334,88,9623,false
index-tts/index-tts,8793,847,100,112,369,9458,275,10221,false
danny-avila/librechat,8770,2544,2270,1887,1954,11325,325,17425,false
hiroi-sora/umi-ocr,8768,782,46,25,178,9294,324,9799,false
drewthomasson/ebook2audiobook,8750,567,1044,1011,447,9126,325,11819,false
maboloshi/github-chinese,8721,412,328,170,156,8791,325,9787,false
gorhill/ublock,8704,465,520,16,1,8980,324,9706,false
basecamp/omarchy,8703,828,1337,1235,1613,9802,152,13716,false
mudler/localai,8695,671,1834,2891,546,9186,326,14637,false
qwenlm/qwen-code,8626,688,327,259,1564,9359,125,11464,false
e2b-dev/awesome-ai-agents,8620,707,3,33,7,9039,326,9370,false
deepseek-ai/3fs,8599,880,80,203,275,9105,244,10037,false
bytebytegohq/system-design-101,8570,1032,2,6,5,9251,324,9615,false
microsoft/playwright,8558,803,1505,2978,2536,9982,327,16380,false
google-ai-edge/gallery,8557,726,275,129,225,9158,186,9912,false
comet-ml/opik,8540,610,7461,3488,525,9035,325,20624,false
typst/typst,8525,283,732,831,1321,9054,326,11692,false
hoppscotch/hoppscotch,8520,589,847,485,687,9147,324,11128,false
mermaid-js/mermaid,8516,1323,2022,599,472,9828,325,12932,false
junkfood02/seal,8513,312,8,6,362,8755,325,9201,false
nirdiamant/agents-towards-production,8511,1069,59,36,4,9249,161,9679,false
nanobrowser/nanobrowser,8507,750,107,150,154,8661,285,9668,false
emmabostian/developer-portfolios,8497,1524,651,1413,100,9767,324,12185,false
facebookresearch/vggt,8492,853,196,47,382,8897,254,9970,false
jj-vcs/jj,8489,292,3433,2429,903,8954,325,15546,false
nektos/act,8460,295,113,171,628,8736,324,9667,false
rssnext/folo,8447,494,2376,748,1073,9011,246,13138,false
resemble-ai/chatterbox,8426,978,19,76,132,9233,179,9631,false
charmbracelet/crush,8419,413,726,463,463,8825,117,10484,false
getasterisk/claudia,8391,642,66,78,139,8907,67,9316,false
microsoft/web-dev-for-beginners,8388,1743,166,206,105,9755,325,10608,false
huggingface/lerobot,8360,1466,2318,1221,773,9650,325,14138,false
mozilla-firefox/firefox,8331,442,11384,9,0,8575,227,20166,false
mendableai/open-lovable,8310,1358,6,31,35,9329,10,9740,false
usememos/memos,8290,660,527,498,723,8888,325,10698,false
syncthing/syncthing,8273,419,426,474,349,8638,325,9941,false
pytorch/pytorch,8267,2466,88855,31223,13675,12220,329,144486,true
sillytavern/sillytavern,8235,1484,404,782,828,9588,325,11733,false
papers-we-love/papers-we-love,8222,312,4,8,9,8378,324,8555,false
gedoor/legado,8217,601,517,464,941,8630,325,10740,false
copilotkit/copilotkit,8178,937,3486,1451,449,8938,325,14501,false
corentinth/it-tools,8131,1002,146,108,112,8892,324,9499,false
oumi-ai/oumi,8055,615,1947,894,168,8352,285,11679,false
guovin/iptv-api,8052,3870,803,280,206,9680,325,13211,false
sxyazi/yazi,8037,188,524,538,869,8364,325,10156,false
datawhalechina/llm-cookbook,8033,862,9,4,13,8479,323,8921,false
pkuflyingpig/cs-self-learning,7998,652,79,87,27,8303,325,8843,false
deepseek-ai/deepseek-ocr,7986,0,2,17,100,8056,40,8105,false
pocketbase/pocketbase,7986,608,288,85,486,8572,326,9453,false
graphiteeditor/graphite,7978,302,2110,994,543,8194,327,11927,false
tadata-org/fastapi_mcp,7944,621,79,123,161,8356,257,8928,false
ffmpeg/asm-lessons,7932,190,22,24,13,7993,270,8181,false
mhsanaei/3x-ui,7913,1990,354,345,738,9545,325,11340,false
heyputer/puter,7913,827,1234,558,413,8530,324,10945,false
anthropics/anthropic-cookbook,7894,837,43,66,14,8527,258,8854,false
mountain-loop/yaak,7876,165,717,165,19,7945,326,8942,false
elder-plinius/cl4r1t4s,7834,1575,136,31,20,8889,251,9596,false
dani-garcia/vaultwarden,7823,376,124,259,328,8253,325,8910,false
fastapi/full-stack-fastapi-template,7805,2195,297,568,76,9428,325,10941,false
continuedev/continue,7804,1546,4566,4185,3717,9988,327,21818,false
githubdaily/githubdaily,7744,548,5,6,143,8132,326,8446,false
canner/wrenai,7736,762,1336,866,365,8340,324,11065,false
deepseek-ai/deepep,7704,799,238,169,364,8225,250,9274,false
chatgptnextweb/nextchat,7684,4125,83,366,335,11067,311,12593,false
paperless-ngx/paperless-ngx,7681,582,2829,1278,888,8413,325,13258,false
modelcontextprotocol/typescript-sdk,7681,1013,534,616,541,8686,325,10385,false
vercel/next.js,7649,2682,17718,8547,2956,10969,327,39552,false
tw93/pake,7645,2169,176,33,154,9276,324,10177,false
mungell/awesome-for-beginners,7633,510,70,303,32,8041,325,8548,false
anthropics/skills,7604,0,3,29,23,7595,44,7659,false
roboflow/supervision,7598,758,396,241,55,8125,325,9048,true
librespark/libretv,7583,17906,211,765,363,21683,220,26828,false
2dust/v2rayng,7577,746,13,83,391,8233,324,8810,false
elder-plinius/l1b3rt4s,7566,846,75,14,16,8090,325,8517,false
liguodongiot/llm-action,7557,950,14,0,8,8006,321,8529,false
hw-whistleblower/true-story-of-pangu,7549,936,4,7,418,8249,100,8914,false
astral-sh/ruff,7531,363,7448,5911,2416,8338,326,23669,false
nvidia/cosmos,7515,499,46,30,238,7792,210,8328,false
usebruno/bruno,7515,444,503,1138,1496,8347,325,11096,false
web-infra-dev/midscene,7514,532,2332,1111,545,7920,319,12034,false
plait-board/drawnix,7503,549,226,145,143,7845,313,8566,false
open-ani/animeko,7494,152,1246,304,1347,7680,326,10543,false
camel-ai/camel,7472,739,4866,1785,1032,7969,324,15894,false
langfuse/langfuse,7452,736,6670,3782,1857,8494,326,20497,false
guijiai/heygem.ai,7419,1212,84,17,473,8274,70,9205,false
lizardbyte/sunshine,7406,338,1601,981,368,7792,326,10694,false
d2l-ai/d2l-zh,7400,758,0,30,0,7795,325,8188,false
microsoft/mcp-for-beginners,7396,1992,349,412,50,9063,189,10199,false
nationalsecurityagency/ghidra,7389,707,228,220,980,8100,325,9524,false
opencode-ai/opencode,7365,585,100,166,169,7745,205,8385,false
termux/termux-app,7358,1111,15,140,384,8323,325,9008,false
ashishps1/awesome-low-level-design,7356,1607,90,95,39,8584,325,9187,false
rust-lang/rust,7354,996,10723,16634,7518,9260,328,43225,false
aishwaryanr/awesome-generative-ai-guide,7345,1317,46,15,7,8357,324,8730,false
gkd-kit/gkd,7338,319,187,12,237,7477,325,8093,false
deepseek-ai/open-infra-index,7337,256,23,20,0,7423,173,7636,false
hyprwm/hyprland,7325,398,771,1243,2652,8006,325,12389,false
gitroomhq/postiz-app,7314,1243,654,318,418,8282,325,9947,false
sdmg15/best-websites-a-programmer-should-visit,7303,424,5,99,16,7592,322,7847,false
kilo-org/kilocode,7297,662,3323,1496,1002,7978,255,13780,false
aidenybai/react-scan,7293,158,441,205,194,7397,316,8291,false
sinaptik-ai/pandas-ai,7283,704,335,275,233,7787,322,8830,false
assafelovic/gpt-researcher,7278,970,272,364,310,8015,325,9194,false
xpipe-io/xpipe,7268,318,1245,80,331,7490,323,9242,false
bmad-code-org/bmad-method,7264,727,107,115,233,7842,109,8446,false
chromedevtools/chrome-devtools-mcp,7255,304,357,263,162,7530,64,8341,false
flowseal/zapret-discord-youtube,7230,608,76,149,5561,10120,325,13624,false
jackjackbits/bitchat,7227,636,28,48,57,7697,5,7996,false
karpathy/nanogpt,7211,1274,1,40,20,8184,325,8546,false
swisskyrepo/payloadsallthethings,7151,1148,88,54,0,7937,324,8441,false
rockchinq/langbot,7148,561,636,353,627,7441,187,9325,false
expo/expo,7140,2570,11073,6201,3820,10859,327,30804,false
sherlock-project/sherlock,7109,893,144,188,186,7818,324,8520,false
vanna-ai/vanna,7070,754,46,79,142,7595,323,8091,false
qwenlm/qwen2.5-vl,7067,712,55,65,729,7916,238,8628,false
3b1b/manim,7062,540,17,59,51,7418,325,7729,false
rybbit-io/rybbit,7043,271,1376,432,169,7212,213,9291,false
openbmb/minicpm-o,7037,539,84,36,411,7434,224,8107,false
caddyserver/caddy,7035,415,303,274,498,7456,325,8525,false
jellyfin/jellyfin,7013,662,664,1124,1798,8108,325,11261,false
krillinai/krillinai,7000,527,309,209,141,7291,208,8186,false
itzcrazykns/perplexica,6990,1000,138,170,281,7735,326,8579,false
yetone/avante.nvim,6989,406,1060,1563,1116,7436,326,11134,false
yalter/niri,6985,266,882,503,716,7367,325,9352,false
ohmyzsh/ohmyzsh,6978,710,148,505,213,7632,325,8554,false
mathfoundationrl/book-mathematical-foundation-of-reinforcement-learning,6891,500,40,1,0,7108,326,7432,false
senshinya/moontv,6881,15000,225,166,335,19463,121,22607,false
chartdb/chartdb,6879,376,696,483,108,7110,323,8542,false
vercel/ai-chatbot,6874,3101,397,544,308,9394,324,11224,false
googleapis/genai-toolbox,6866,541,5459,1782,463,7327,289,15111,false
mihomo-party-org/mihomo-party,6844,541,56,24,671,7312,240,8136,false
pydantic/pydantic-ai,6836,800,2904,2019,1893,7844,325,14452,false
danielmiessler/fabric,6817,664,388,413,388,7361,324,8670,false
asabeneh/30-days-of-python,6792,1125,9,44,37,7639,326,8007,false
weifeng2333/videocaptioner,6786,489,65,36,886,7268,324,8262,false
keploy/keploy,6772,1010,1698,438,390,6830,323,10308,false
gohugoio/hugo,6755,573,468,825,897,7233,326,9518,false
llmware-ai/llmware,6751,1401,40,86,8,6825,298,8286,false
makeplane/plane,6746,884,2964,1889,456,7579,324,12939,false
hsliuping/tradingagents-cn,6745,1252,261,41,366,7675,151,8665,false
sapientinc/hrm,6742,943,3,19,53,7449,124,7760,false
bytedance/ui-tars,6740,450,68,32,298,7088,296,7588,false
motiadev/motia,6724,456,907,560,178,7002,267,8825,false
ventoy/ventoy,6721,394,29,48,276,7086,325,7468,false
shareai-lab/analysis_claude_code,6716,1703,3,1,0,7917,146,8423,false
mindsdb/mindsdb,6715,806,2816,1487,375,7446,324,12199,false
stanfordnlp/dspy,6715,586,749,1118,5033,7441,325,14201,false
appflowy-io/appflowy,6711,695,731,993,898,7404,325,10028,false
umami-software/umami,6690,1324,581,211,432,7902,324,9238,false
sjzar/chatlog,6665,922,58,63,270,7226,233,7978,false
activepieces/activepieces,6645,1157,35545,3495,1342,7631,327,48184,false
microsoft/ml-for-beginners,6643,2472,75,118,29,8655,324,9337,false
flutter/flutter,6640,2180,7322,13226,16209,11344,326,45577,false
zackriya-solutions/meeting-minutes,6637,483,223,86,131,6930,307,7560,false
louis-e/arnis,6619,511,360,409,416,7137,306,8315,false
funaudiollm/cosyvoice,6603,783,100,137,833,7426,324,8456,false
upscayl/upscayl,6594,334,34,59,316,6890,324,7337,false
nvm-sh/nvm,6592,1309,51,111,182,7813,326,8245,false
qwenlm/qwen3,6588,422,36,57,295,6991,207,7398,false
minio/minio,6585,568,172,296,551,7276,324,8172,false
trycua/cua,6569,393,532,245,133,6744,252,7872,false
payloadcms/payload,6567,1014,4947,3267,1994,7759,326,17789,false
jiangrui1994/cloudsaver,6567,515,107,3,111,6651,269,7303,false
duckdb/duckdb,6562,539,1473,3312,1500,7474,325,13386,false
nocodb/nocodb,6558,735,13016,2283,1276,7295,325,23868,false
menloresearch/jan,6556,513,2334,1264,1094,7059,217,11761,false
coleam00/context-engineering-intro,6550,1304,7,19,7,7560,144,7887,false
zhayujie/chatgpt-on-wechat,6545,962,30,47,217,7196,324,7801,false
hagezi/dns-blocklists,6515,176,848,153,5046,7163,326,12738,false
anthropics/courses,6500,717,0,25,16,6997,319,7258,false
home-assistant/core,6498,4394,12288,22428,15285,16175,328,60893,false
junegunn/fzf,6486,200,339,162,386,6694,326,7573,false
getmaxun/maxun,6460,531,1341,543,186,6766,319,9061,false
github/gitignore,6443,1057,113,370,0,7290,325,7983,false
n8n-io/self-hosted-ai-starter-kit,6442,1844,11,94,0,7897,324,8391,false
codexu/note-gen,6433,418,684,93,670,6786,322,8298,false
marimo-team/marimo,6429,343,4313,3302,1755,6983,324,16142,false
github/awesome-copilot,6418,583,266,328,53,6872,151,7648,false
antiwork/gumroad,6412,1080,1582,1594,372,7113,234,11040,false
jamez-bondos/awesome-gpt4o-images,6409,592,123,107,21,6645,205,7252,false
ds4sd/docling,6394,469,441,235,406,6798,72,7945,false
ashishps1/awesome-system-design-resources,6376,1258,18,8,10,7353,324,7670,false
stan-smith/fossflow,6374,389,81,68,122,6686,144,7034,false
chatanywhere/gpt_api_free,6364,379,10,5,130,6576,324,6888,false
zyphra/zonos,6352,660,36,67,212,6860,243,7327,false
datatalksclub/data-engineering-zoomcamp,6349,1355,144,295,17,7165,325,8160,false
the-pocket/pocketflow,6342,746,331,62,74,6822,291,7555,false
jordanbaird/ice,6341,121,30,10,253,6518,325,6755,false
eythaann/seelen-ui,6334,211,1922,497,700,6656,325,9664,false
lucide-icons/lucide,6334,394,467,997,475,6846,324,8667,false
satnaing/shadcn-admin,6326,1004,74,147,61,6982,323,7612,false
svcvit/awesome-dify-workflow,6320,599,66,6,29,6622,317,7020,false
songquanpeng/one-api,6316,1071,113,97,261,7146,324,7858,false
aapanel/billionmail,6313,591,427,16,181,6820,196,7528,false
searxng/searxng,6312,707,1263,1097,633,7032,325,10012,false
jdx/mise,6310,290,3774,2139,189,6587,324,12702,false
appwrite/appwrite,6306,623,3595,1484,682,6821,325,12690,false
kavishdevar/librepods,6295,15,113,63,105,6336,180,6591,false
fighting41love/funnlp,6286,479,0,4,7,6465,325,6776,false
dioxuslabs/dioxus,6283,332,1011,767,997,6705,325,9390,false
1panel-dev/1panel,6280,528,1395,2126,2507,7003,325,12836,false
physical-intelligence/openpi,6280,729,106,125,441,6809,291,7681,false
openai/openai-cookbook,6280,1423,488,535,250,7519,326,8976,false
nvim-lua/kickstart.nvim,6269,14727,28,512,166,19312,325,21702,false
juanfont/headscale,6266,325,292,456,425,6593,325,7764,false
the-pocket/tutorial-codebase-knowledge,6264,478,57,33,31,6523,26,6863,false
yorukot/superfile,6261,204,941,499,335,6378,323,8240,false
jd-opensource/joyagent-jdgenie,6256,665,64,64,273,6745,124,7322,false
chiphuyen/aie-book,6254,830,10,6,7,6831,325,7107,false
tailwindlabs/tailwindcss,6251,531,1658,1086,1526,7299,324,11052,false
vikparuchuri/marker,6249,521,400,161,265,6681,157,7596,false
vercel/ai,6243,1196,7230,5413,3176,7846,325,23258,false
microsoft/graphrag,6243,760,887,376,441,6894,324,8707,false
chroma-core/chroma,6241,430,7001,3016,676,6681,325,17364,true
rustfs/rustfs,6235,256,650,366,602,6465,214,8109,false
milvus-io/milvus,6199,428,2290,9762,3977,6814,327,22656,false
crestalnetwork/intentkit,6197,619,786,1070,210,6278,292,8882,false
zilliztech/deep-searcher,6194,607,148,294,116,6515,266,7359,false
usestrix/strix,6187,91,52,40,51,6235,105,6421,false
jesseduffield/lazydocker,6183,202,5,29,41,6291,325,6460,false
zaidmukaddam/scira,6181,873,340,92,143,6738,304,7629,false
permissionlesstech/bitchat,6178,622,356,375,155,6749,137,7686,false
exelban/stats,6157,161,139,68,676,6479,326,7201,false
langchain-ai/open_deep_research,6155,864,164,133,154,6825,282,7470,false
simplescaling/s1,6143,729,49,26,141,6594,210,7088,false
wan-video/wan2.2,6136,500,11,44,123,6627,119,6814,false
run-llama/llama_index,6126,931,1732,2385,2003,7409,326,13177,true
capsoftware/cap,6106,412,2659,789,407,6431,327,10373,false
binwiederhier/ntfy,6100,256,113,112,170,6342,323,6751,false
ocornut/imgui,6096,1079,702,249,790,7161,327,8916,false
kestra-io/kestra,6094,602,6116,5489,3419,6685,328,21720,false
remoteintech/remote-jobs,6055,450,53,151,31,6395,321,6740,false
aykutsarac/jsoncrack.com,6054,565,52,40,45,6450,322,6756,false
mtdvio/every-programmer-should-know,6048,372,9,7,5,6318,325,6441,false
game1024/openspeedy,6047,335,225,116,105,6287,165,6828,false
bytedance/trae-agent,6047,601,105,217,119,6463,154,7089,false
topjohnwu/magisk,6045,2077,317,536,627,8028,325,9602,false
tianxingchen/embodied-ai-guide,6041,389,159,83,18,6160,325,6690,false
nicbarker/clay,6035,306,325,290,270,6263,322,7226,false
filamentphp/filament,6034,826,1673,1678,1163,6899,326,11374,false
cyclotruc/gitingest,6014,462,246,288,178,6306,188,7188,false
electronicarts/cnc_red_alert,6010,1163,0,0,0,6826,195,7173,false
cloudwego/eino,5996,427,778,406,258,6251,318,7865,false
mark3labs/mcp-go,5995,546,382,474,233,6359,317,7630,false
microsoft/ai-for-beginners,5992,1741,99,198,54,7381,325,8084,false
lastmile-ai/mcp-agent,5992,610,810,468,201,6374,303,8081,false
winapps-org/winapps,5991,166,98,152,186,6192,325,6593,false
golang/go,5987,854,1809,792,7791,7691,325,17233,false
penpot/penpot,5978,417,5664,2385,423,6429,324,14867,false
alistgo/alist,5965,1938,146,338,1229,7884,324,9616,false
amruthpillai/reactive-resume,5960,794,328,135,636,6654,325,7853,false
labring/fastgpt,5958,1533,1661,2122,1229,7433,324,12503,false
openai/openai-realtime-agents,5954,904,64,96,58,6569,290,7076,false
genesis-embodied-ai/genesis,5931,861,548,1016,1027,6718,324,9383,false
olow304/memvid,5916,488,6,17,60,6211,159,6487,false
tesseract-ocr/tesseract,5916,581,24,33,86,6409,325,6640,false
ag-ui-protocol/ag-ui,5914,483,601,335,162,6296,196,7495,false
ffmpeg/ffmpeg,5913,727,937,3,0,6447,324,7580,false
ibttf/interview-coder,5907,1023,54,28,129,6459,233,7141,false
odoo/odoo,5903,4455,36267,41165,611,10910,328,88401,false
accumulatemore/cv,5901,606,45,1,8,6201,324,6561,false
qwenlm/qwen-agent,5898,514,35,46,275,6339,324,6768,false
kubernetes/kubernetes,5896,1981,2020,9866,3279,8368,326,23042,false
liquidslr/leetcode-company-wise-problems,5891,1106,8,7,28,6727,324,7040,false
xinnan-tech/xiaozhi-esp32-server,5889,2022,1965,1726,1646,7236,292,13248,false
tensorflow/tensorflow,5882,1386,44179,32626,1921,7398,328,85994,true
awesomedata/awesome-public-datasets,5881,613,7,13,6,6321,324,6520,false
googlecloudplatform/kubectl-ai,5877,515,245,579,161,6201,258,7377,false
shardeum/shardeum,5876,138,775,467,20,4808,216,7276,false
codephiliax/chat2db,5870,579,10,19,132,6266,320,6610,false
rvc-project/retrieval-based-voice-conversion-webui,5864,696,0,22,240,6473,324,6822,false
tensorzero/tensorzero,5859,451,7312,3350,1629,6156,327,18601,false
modsetter/surfsense,5838,403,497,341,160,6067,299,7239,false
coqui-ai/tts,5829,939,0,30,159,6595,326,6957,true
ashishps1/awesome-leetcode-resources,5809,978,11,7,6,6587,325,6811,false
manimcommunity/manim,5806,445,124,288,239,6166,326,6902,false
hkuds/autoagent,5802,735,26,8,53,6315,272,6624,false
tldr-pages/tldr,5799,523,2894,4813,323,6329,326,14352,false
kalyanks-nlp/llm-engineer-toolkit,5795,879,11,15,3,6370,238,6703,false
burntsushi/ripgrep,5776,215,42,147,139,5956,325,6319,false
gin-gonic/gin,5772,410,109,282,123,6119,324,6696,false
alibaba-nlp/deepresearch,5753,348,39,18,90,6029,68,6248,false
oven-sh/bun,5748,573,14048,5141,8158,8443,327,33668,false
contains-studio/agents,5748,1154,0,4,4,6598,115,6910,false
fffaraz/awesome-cpp,5741,292,43,122,21,5907,325,6219,false
birobirobiro/awesome-shadcn-ui,5739,326,141,202,31,5932,324,6439,false
danielmiessler/seclists,5737,868,1180,121,70,6375,325,7976,false
vitejs/vite,5728,941,1139,1375,985,6911,326,10168,false
automaapp/automa,5726,640,40,26,170,6181,323,6602,false
commaai/openpilot,5722,1038,10957,2880,497,6537,327,21094,false
dgtlmoon/changedetection.io,5719,327,673,346,389,6022,326,7454,false
slidevjs/slidev,5711,285,164,184,266,5971,324,6610,false
soulter/astrbot,5708,353,562,168,1158,5968,84,7949,false
1panel-dev/maxkb,5692,720,2426,1936,1414,6367,324,12188,false
vnpy/vnpy,5687,1057,77,52,96,6371,324,6969,false
easychen/one-person-businesses-methodology-v2.0,5680,579,2,4,5,5757,312,6270,false
tibixdev/winboat,5672,107,110,80,323,5865,99,6292,false
nikmcfly/anus,5667,915,7,16,74,6291,158,6679,false
obsproject/obs-studio,5647,698,315,710,690,6551,325,8060,false
labmlai/annotated_deep_learning_paper_implementations,5645,526,11,4,12,5896,324,6198,false
dockur/macos,5624,338,69,39,62,5871,322,6132,false
nikitabobko/aerospace,5624,156,215,124,244,5720,325,6363,false
charmbracelet/bubbletea,5609,144,404,219,89,5713,325,6465,false
nvbn/thefuck,5605,256,0,13,23,5749,322,5897,false
sagernet/sing-box,5603,750,1113,202,1154,6326,325,8822,false
metacubex/mihomo,5595,647,448,104,515,6130,324,7309,false
nodejs/node,5594,3701,2255,4833,1774,9505,326,18157,false
anuraghazra/github-readme-stats,5593,3834,453,584,113,8998,324,10577,false
vert-sh/vert,5585,191,244,67,106,5716,266,6193,false
bagisto/bagisto,5585,452,460,523,370,6006,324,7390,false
nextjs/saas-starter,5584,1392,27,134,66,6627,302,7203,false
koljab/realtimestt,5574,448,19,17,83,5865,322,6141,false
cmliu/edgetunnel,5571,9280,148,385,0,11860,325,15384,false
helix-editor/helix,5569,544,855,1274,1009,6408,326,9251,false
microsoft/vibevoice,5564,500,53,37,63,5928,90,6217,false
frappe/erpnext,5562,1891,3959,5847,1807,7614,325,19066,false
krayin/laravel-crm,5550,353,265,399,327,5866,325,6894,false
magicuidesign/magicui,5538,285,423,291,210,5749,325,6747,false
ziglang/zig,5533,498,1524,2285,2806,6344,326,12646,false
nickscamara/open-deep-research,5532,724,32,38,49,5976,250,6375,false
hedge-dev/xenonrecomp,5531,376,14,52,119,5783,171,6092,false
snapchat/valdi,5531,0,32,11,29,5524,23,5603,false
simular-ai/agent-s,5524,512,189,53,106,5858,317,6384,false
fuma-nama/fumadocs,5516,302,1781,649,562,5801,325,8810,false
jnsahaj/tweakcn,5516,332,671,210,94,5717,254,6823,false
posthog/posthog,5512,528,49392,15280,2272,6286,326,72984,false
hkuds/deepcode,5512,605,64,15,55,5985,123,6251,false
eugeny/tabby,5500,276,151,57,657,6037,324,6641,false
microsoft/rd-agent,5493,546,2659,951,85,5863,325,9734,false
zbezj/heu_kms_activator,5492,441,3,0,29,5713,324,5965,false
moonshotai/kimi-k2,5486,315,22,10,70,5760,129,5903,false
the-cool-coders/project-ideas-and-resources,5484,471,0,15,9,5802,326,5979,false
czlonkowski/n8n-mcp,5468,878,471,122,189,6181,164,7128,false
confident-ai/deepeval,5440,508,1434,972,282,5929,324,8636,false
hkuds/rag-anything,5435,499,84,37,62,5854,159,6117,false
pmndrs/zustand,5432,295,123,278,11,5629,325,6139,false
ashishpatel26/500-ai-machine-learning-deep-learning-computer-vision-nlp-projects-with-code,5429,775,0,9,15,5977,324,6228,false
agentdeskai/browser-tools-mcp,5423,424,35,53,204,5794,270,6139,false
putyy/res-downloader,5422,525,82,52,149,5759,324,6230,false
superclaude-org/superclaude_framework,5417,452,125,83,160,5775,129,6237,false
qwenlm/qwen3-coder,5410,324,5,11,76,5668,123,5826,false
bytedance/megatts3,5388,387,38,26,134,5657,193,5973,false
withastro/astro,5386,442,5534,1573,1422,6094,324,14357,false
qwenlm/qwen2.5,5381,476,11,21,116,5700,118,6005,false
microsoft/vscode-copilot-chat,5378,777,2128,2053,10,6002,151,10346,false
c4illin/convertx,5368,267,239,173,132,5585,324,6179,false
grapeot/devin.cursorrules,5363,658,63,123,123,5707,261,6330,false
cinnamon/kotaemon,5357,502,93,83,157,5736,316,6192,false
bytebot-ai/bytebot,5344,584,289,101,73,5784,235,6391,false
bytedance/flowgram.ai,5319,414,383,668,529,5647,260,7313,false
hangwin/mcp-chrome,5312,451,48,31,155,5691,165,5997,false
huanshere/videolingo,5301,577,76,30,134,5687,312,6118,false
deepseek-ai/deepgemm,5282,617,181,132,167,5685,242,6379,false
traefik/traefik,5281,395,32,656,520,5810,326,6884,false
aureuserp/aureuserp,5279,219,299,619,570,5432,295,6986,false
bitcoin/bitcoin,5278,1603,686,2076,714,6712,325,10357,false
ytdl-org/youtube-dl,5277,554,15,45,307,5762,325,6198,false
awslabs/mcp,5272,633,2254,1530,467,5914,236,10156,false
hyde-project/hyde,5271,473,980,613,918,5610,324,8255,false
microsoft/magentic-ui,5268,514,326,201,210,5650,176,6519,false
heyverse/hey,5261,144,1385,673,86,5194,219,7549,false
koreader/koreader,5258,221,361,751,1319,5798,325,7910,false
m1k1o/neko,5256,308,124,53,135,5492,323,5876,false
ajeetdsouza/zoxide,5250,112,53,78,143,5370,325,5636,false
richards199999/thinking-claude,5248,606,11,15,17,5590,315,5897,false
dopplerhq/awesome-interview-questions,5241,294,0,1,0,5422,325,5536,false
davila7/claude-code-templates,5228,344,387,72,28,5466,144,6059,false
lauriewired/ghidramcp,5204,370,24,47,73,5441,239,5718,false
trekhleb/javascript-algorithms,5199,876,8,41,19,5837,325,6143,false
louislam/dockge,5195,194,16,33,51,5345,324,5489,false
iamgio/quarkdown,5195,128,786,127,90,5279,267,6326,false
netbirdio/netbird,5185,272,3011,1123,1016,5733,324,10607,false
outline/outline,5180,571,3308,1758,1036,5760,325,11853,false
youngyangyang04/leetcode-master,5178,659,41,119,30,5589,324,6027,false
mrdoob/three.js,5157,954,1355,2038,848,6093,325,10352,false
kuchin/awesome-cto,5149,352,6,16,3,5311,316,5526,false
binhnguyennus/awesome-scalability,5144,424,8,8,0,5476,324,5584,false
nomenak/superclaude,5141,468,60,58,73,5459,26,5800,false
apple/ml-fastvlm,5136,335,0,11,62,5357,187,5544,false
om-ai-lab/vlm-r1,5131,321,112,93,372,5344,249,6029,false
astrbotdevs/astrbot,5121,401,878,644,2775,5318,238,9819,false
microsoft/typescript,5111,664,445,786,2640,6188,325,9646,false
ryoppippi/ccusage,5109,151,1257,598,164,5259,176,7279,false
zhongyang219/trafficmonitor,5099,260,125,49,257,5380,324,5790,false
4ian/gdevelop,5097,215,1693,733,139,4585,326,7877,false
elie222/inbox-zero,5088,593,2397,655,105,5484,324,8838,false
naibowang/easyspider,5055,594,37,12,270,5582,323,5968,false
actualbudget/actual,5041,505,2565,2257,1470,5846,326,11838,false
valvesoftware/source-sdk-2013,5037,774,70,776,352,5634,302,7009,false
langchain-ai/ollama-deep-researcher,5034,473,39,35,63,5336,58,5644,false
modelcontextprotocol/inspector,5024,584,320,535,553,5669,324,7016,false
rikkaapps/shizuku,5020,488,13,82,532,5530,325,6135,false
hummingbot/hummingbot,5012,959,668,385,377,5710,325,7401,false
lightricks/ltx-video,5010,411,25,52,198,5343,324,5696,false
lfnovo/open-notebook,4999,265,65,66,217,5238,323,5612,false
abi/screenshot-to-code,4998,849,42,31,43,5578,321,5963,false
oursources/worldofpixels-server,4990,0,0,0,0,7,4,4990,false
florinpop17/app-ideas,4985,421,0,71,9,5339,325,5486,false
geeeekexplorer/nano-vllm,4984,500,28,52,62,5314,164,5626,false
strapi/strapi,4979,919,2201,1243,2748,6464,327,12090,false
rust-unofficial/awesome-rust,4972,255,148,258,15,5136,325,5648,false
multimodal-art-projection/yue,4969,508,124,20,162,5340,276,5783,false
n4ze3m/page-assist,4968,448,330,124,368,5325,311,6238,false
waydabber/betterdisplay,4955,90,25,2,785,5149,325,5857,false
blakeblackshear/frigate,4954,559,1768,2041,622,5585,325,9944,false
python/cpython,4953,2578,5497,14787,6628,8378,329,34443,false
jgraph/drawio-desktop,4952,333,68,10,336,5301,325,5699,false
keycloak/keycloak,4951,725,2520,4815,6042,6378,327,19053,false
bmadcode/bmad-method,4943,910,60,79,87,5549,117,6079,false
aristocratos/btop,4942,146,101,180,208,5119,324,5577,false
xiaoyaocz/dart_simple_live,4933,965,69,89,238,5614,324,6294,false
996icu/996.icu,4933,176,3,14,0,4962,324,5126,false
coder/code-server,4925,615,138,211,272,5458,326,6161,false
krishnadey30/leetcode-questions-companywise,4925,1132,0,19,3,5747,320,6079,false
straymeteor3337/wechatrealfriends,4914,340,15,6,134,5084,190,5409,false
colinhacks/zod,4906,379,856,748,1306,5616,325,8195,false
getasterisk/deepclaude,4902,415,2,3,55,5144,188,5377,false
openspg/kag,4898,398,889,245,497,5232,317,6927,false
prakhar1989/awesome-courses,4887,135,0,0,1,4942,326,5023,false
fishaudio/fish-speech,4885,509,68,112,287,5280,323,5861,false
ufund-me/qbot,4880,692,3,2,18,5217,325,5595,false
langmanus/langmanus,4873,516,87,111,102,5170,11,5689,false
canopyai/orpheus-tts,4871,395,44,40,293,5200,224,5643,false
hiddify/hiddify-app,4869,461,13,30,195,5271,326,5568,false
snailclimb/javaguide,4859,759,106,142,98,5375,326,5964,false
deskflow/deskflow,4851,234,2435,768,794,5154,324,9082,false
fish2018/pansou,4841,923,109,6,57,5449,135,5936,false
starship/starship,4840,281,1350,433,277,5206,324,7181,false
bevyengine/bevy,4833,529,1532,4565,2245,5635,325,13704,false
mail-0/zero,4828,755,1540,1193,258,5372,252,8574,false
meilisearch/meilisearch,4825,289,1488,572,387,5102,326,7561,false
calcom/cal.com,4821,2505,15519,7803,2178,7294,327,32826,false
beehiveinnovations/zen-mcp-server,4820,375,299,139,190,5158,164,5823,false
wg-easy/wg-easy,4815,399,178,410,350,5206,325,6152,false
gradio-app/gradio,4814,433,4118,1246,1488,5464,325,12099,false
sammwyy/mikumikubeam,4799,397,20,38,101,5074,280,5355,false
lyswhut/lx-music-desktop,4796,402,78,29,286,5191,325,5591,false
wdndev/llm_interview_note,4796,431,2,8,9,4999,325,5246,false
topoteretes/cognee,4794,373,3248,1287,336,5106,326,10038,false
infisical/infisical,4793,371,3128,1884,299,5183,325,10475,false
rust-lang/rustlings,4788,932,42,71,64,5532,326,5897,false
nomic-ai/gpt4all,4783,576,211,138,248,5260,321,5956,false
bytedance/monolith,4783,321,0,0,8,4945,222,5112,false
xyflow/xyflow,4781,328,618,380,418,5145,327,6525,false
ruvnet/claude-flow,4777,576,165,196,406,5269,139,6120,false
shiyu-coder/kronos,4772,800,15,16,118,5400,115,5721,false
freetubeapp/freetube,4767,377,643,831,1414,5429,324,8032,false
ubicloud/ubicloud,4765,223,3689,2294,58,4927,321,11029,false
sharkdp/fd,4759,104,86,133,98,4831,324,5180,false
honojs/hono,4759,161,294,386,407,5018,327,6007,false
teableio/teable,4756,348,1903,801,260,5033,325,8068,false
iib0011/omni-tools,4741,241,233,153,136,4916,273,5504,false
idosal/git-mcp,4725,376,284,235,55,4978,232,5675,false
hannibal046/awesome-llm,4716,450,19,68,2,5012,323,5255,false
docker/awesome-compose,4714,771,0,97,11,5332,325,5593,false
fastfetch-cli/fastfetch,4710,155,522,225,446,4956,326,6058,false
unopim/unopim,4705,34,87,138,44,4733,301,5008,false
drizzle-team/drizzle-orm,4702,310,648,354,809,5387,325,6823,false
zeyi-lin/hivisionidphotos,4700,550,8,14,30,5047,323,5302,false
bagisto/opensource-ecommerce-mobile-app,4691,77,5,3,27,4761,323,4803,false
gethomepage/homepage,4690,437,1028,605,42,5047,324,6802,false
samuelschmidgall/agentlaboratory,4688,672,31,45,107,5082,272,5543,false
quentinfuxa/whisperlivekit,4686,405,134,56,133,5005,234,5414,false
serengil/deepface,4685,457,136,82,100,5049,324,5460,false
facebookresearch/dinov3,4681,267,23,48,170,4960,104,5189,false
automatisch/automatisch,4666,388,693,536,72,4956,309,6355,false
alibaba/spring-ai-alibaba,4666,851,981,1918,1932,5513,322,10348,false
hoarder-app/hoarder,4663,221,119,104,422,4895,95,5529,false
deepseek-ai/deepseek-llm,4661,860,0,3,22,5338,264,5546,false
streamlit/streamlit,4655,602,8354,3001,1301,5491,326,17913,false
biomejs/biome,4654,189,3303,2550,1704,5239,326,12400,false
black-forest-labs/flux,4652,378,14,32,66,4950,323,5142,false
nocobase/nocobase,4641,438,7928,2187,317,5045,325,15511,false
firstcontributions/first-contributions,4637,11081,8496,18591,554,16213,326,43359,false
uvdesk/community-skeleton,4636,58,17,4,43,4688,321,4758,false
1c7/chinese-independent-developer,4631,360,365,93,95,4875,324,5544,false
funstory-ai/babeldoc,4618,294,1097,530,165,4785,279,6704,false
facebook/react-native,4610,771,3096,7792,1566,5830,325,17835,false
llvm/llvm-project,4609,2123,38696,49634,14670,9626,328,109732,false
d4vinci/scrapling,4608,271,257,28,61,4768,305,5225,false
hcengineering/platform,4603,468,3284,2862,828,4972,325,12045,false
sjj1024/pakeplus,4599,3276,786,50,13065,6537,289,21776,false
yunaiv/ruoyi-vue-pro,4598,1075,109,104,348,5294,325,6234,false
ggerganov/ggwave,4592,232,2,8,18,4747,254,4852,false
ccxt/ccxt,4589,620,4126,2931,1001,5337,326,13267,false
dbeaver/dbeaver,4587,330,3546,1517,2429,5638,327,12409,false
google/pebble,4581,273,3,4,0,4712,185,4861,false
go-gitea/gitea,4573,544,1173,2938,1879,5557,326,11107,false
openpipe/art,4563,346,1261,423,103,4820,224,6696,false
ai-dynamo/dynamo,4560,492,14422,4448,1067,5005,250,24989,false
droidrun/droidrun,4560,360,221,76,154,4779,217,5371,false
cyc2018/cs-notes,4559,558,0,9,8,4888,323,5134,false
punkpeye/awesome-mcp-clients,4556,349,64,121,50,4814,305,5140,false
openai/openai-python,4554,854,1342,559,423,5432,324,7732,true
microsoft/terminal,4552,538,769,517,1211,5364,325,7587,false
skyvern-ai/skyvern,4550,419,2636,3307,165,4897,325,11077,false
clickhouse/clickhouse,4545,694,18955,17340,5047,6039,327,46581,false
xtls/xray-core,4545,599,665,595,586,5075,325,6990,false
kern/filepizza,4543,243,365,167,27,4684,300,5345,false
moghtech/komodo,4543,122,854,120,501,4799,294,6140,false
bggrgjqaubcoe/piliplus,4542,223,1137,119,1936,4850,319,7957,false
logseq/logseq,4541,336,2907,263,795,4983,324,8842,false
chaitin/pandawiki,4532,325,326,649,697,4888,188,6529,false
mouredev/hello-python,4529,280,7,4,722,4658,325,5542,false
huggingface/trl,4524,789,2526,1359,1037,5499,324,10235,true
modelscope/ms-swift,4516,402,1044,1822,2852,5545,324,10636,false
agentcodee/cursor-free-everyday,4509,431,38,2,158,4798,176,5138,false
mfontanini/presenterm,4507,85,503,356,212,4574,316,5663,false
qarmin/czkawka,4505,143,134,56,213,4673,326,5051,false
laurent22/joplin,4502,545,1233,1698,1185,5160,326,9163,false
ggerganov/llama.cpp,4500,595,546,690,495,5176,46,6826,true
apache/superset,4496,1739,4332,4931,1513,6456,325,17011,false
lc044/wechatmsg,4495,406,13,11,105,4718,314,5030,false
fastrepl/hyprnote,4495,241,2158,1131,612,4655,234,8637,false
kodu-ai/claude-coder,4494,123,36,9,32,4018,314,4694,false
opencv/opencv,4492,1148,902,1322,636,5665,325,8500,false
facebookresearch/faiss,4490,343,342,520,249,4809,325,5944,true
santinic/audiblez,4490,301,157,48,123,4659,288,5119,false
babalae/better-genshin-impact,4487,339,849,664,1264,4898,324,7603,false
ente-io/ente,4483,367,3584,2599,449,4923,325,11482,false
linkwarden/linkwarden,4481,211,555,226,409,4761,327,5882,false
tailscale/tailscale,4464,372,4219,2123,1996,5662,325,13174,false
solidtime-io/solidtime,4459,237,217,175,181,4635,309,5269,false
zijie0/humansystemoptimization,4459,309,2,0,6,4635,293,4776,false
nestjs/nest,4457,473,1870,1899,405,4987,325,9104,false
loft-sh/devpod,4451,110,229,456,268,4522,316,5514,false
amir1376/ab-download-manager,4443,205,294,277,419,4691,326,5638,false
qdrant/qdrant,4442,354,3313,1951,415,4853,325,10475,true
microsoft/trellis,4442,504,9,23,221,4871,322,5199,false
xifangczy/cat-catch,4441,318,206,36,171,4677,324,5172,false
boson-ai/higgs-audio,4439,293,12,24,90,4678,115,4858,false
reflex-dev/reflex,4439,276,1982,1265,736,4733,325,8698,false
xiaojieonly/ehviewer_cn_sxj,4438,91,97,21,565,4674,325,5212,false
modelscope/funasr,4427,408,48,85,274,4849,325,5242,false
henrythe9th/ai-crash-course,4423,582,11,3,8,4774,285,5027,false
brunodev85/winlator,4423,277,21,27,1951,5202,327,6699,false
xiaomi/ha_xiaomi_home,4420,345,104,261,1082,4916,323,6212,false
hpcaitech/open-sora,4416,419,84,62,166,4742,324,5147,false
karminski/one-small-step,4409,375,138,12,0,4623,276,4934,false
jlevy/the-art-of-command-line,4409,356,0,7,2,4653,326,4774,false
toon-format/toon,4408,0,51,24,45,4431,27,4528,false
mifi/lossless-cut,4406,174,76,42,265,4630,325,4963,false
davidkimai/context-engineering,4405,475,698,24,6,4757,146,5608,false
nginxproxymanager/nginx-proxy-manager,4405,450,158,190,1131,4982,325,6334,false
werwolv/imhex,4401,230,732,230,338,4646,325,5931,false
bytedance/latentsync,4395,706,34,43,329,4961,309,5507,false
stackblitz/bolt.new,4395,1496,0,111,6159,10105,319,12161,false
awesome-foss/awesome-sysadmin,4392,319,12,47,11,4618,325,4781,false
denoland/deno,4388,370,1715,2559,2622,5259,324,11654,false
mihonapp/mihon,4378,239,319,627,827,4811,325,6390,false
rclone/rclone,4371,426,380,430,486,4879,326,6093,false
mcp-use/mcp-use,4367,469,681,214,189,4745,215,5920,false
letta-ai/letta,4364,417,582,700,343,4735,325,6406,false
deepseek-ai/smallpond,4361,374,3,5,28,4582,168,4771,false
karakeep-app/karakeep,4356,263,388,301,616,4724,231,5924,false
textualize/textual,4354,162,759,442,326,4522,326,6043,false
systran/faster-whisper,4351,354,12,38,109,4662,325,4864,false
kodezi/chronos,4349,136,3,0,0,4063,98,4488,false
facebook/docusaurus,4348,892,621,529,282,5220,325,6672,false
campsite/campsite,4344,668,3,26,8,4714,193,5049,false
google-gemini/cookbook,4344,858,284,750,202,5041,323,6438,false
nvidia/isaac-gr00t,4340,643,94,119,385,4837,247,5581,false
t8rin/imagetoolbox,4339,189,909,699,424,4540,325,6560,false
datawhalechina/llm-universe,4336,427,33,67,42,4585,322,4905,false
jina-ai/node-deepresearch,4334,409,653,90,69,4592,260,5555,false
bytedance/dolphin,4323,344,47,20,130,4630,176,4864,false
lllyasviel/fooocus,4314,1236,2,53,98,5327,325,5703,false
pickle-com/glass,4311,646,103,83,112,4818,143,5255,false
cordx56/rustowl,4306,103,693,469,139,4372,267,5710,false
valkey-io/valkey,4305,201,481,1179,556,4556,323,6722,false
sveltejs/svelte,4303,403,2370,1478,1414,5017,325,9968,false
longbridge/gpui-component,4302,141,1496,1070,197,4391,314,7206,false
kittenml/kittentts,4299,205,5,13,27,4463,103,4549,false
metabase/metabase,4296,717,33972,16622,5219,5356,327,60826,false
electron/electron,4294,980,4339,4737,1711,5613,327,16061,false
tldraw/tldraw,4287,420,4089,1922,882,4782,326,11600,false
google/adk-samples,4285,1144,192,532,210,5318,229,6363,false
openai/agents.md,4283,283,5,31,31,4513,97,4633,false
stagewise-io/stagewise,4283,246,1039,693,161,4465,194,6422,false
localstack/localstack,4282,245,2162,1357,609,4706,325,8655,false
is-a-dev/register,4279,8086,4692,16184,203,12195,327,33444,false
lazyvim/lazyvim,4275,497,504,355,587,4855,326,6218,false
swivid/f5-tts,4271,748,110,94,665,5005,323,5888,false
midday-ai/midday,4264,450,891,146,99,4586,323,5850,false
casey/just,4263,88,178,182,248,4418,324,4959,false
get-convex/convex-backend,4261,247,2344,112,141,4430,326,7105,false
2noise/chattts,4250,469,31,35,146,4616,320,4931,false
grafana/grafana,4250,836,34073,17710,6332,6343,327,63201,false
filosottile/mkcert,4244,235,0,15,5,4395,323,4499,false
raysan5/raylib,4243,428,530,597,291,4604,325,6089,false
fareedkhan-dev/all-rag-techniques,4231,519,31,9,8,4557,118,4798,false
apple/containerization,4216,109,146,275,72,4319,157,4818,false
aquasecurity/trivy,4213,336,824,1006,375,4498,324,6754,false
krishkrosh/trackweight,4213,176,19,21,51,4368,109,4480,false
end-4/dots-hyprland,4210,371,1381,411,1023,4664,325,7396,false
lharries/whatsapp-mcp,4204,600,24,64,76,4645,217,4968,false
m-bain/whisperx,4199,423,53,149,289,4610,325,5113,false
potpie-ai/potpie,4199,376,436,290,72,4388,303,5373,false
dao-ailab/flash-attention,4186,427,372,191,385,4758,324,5561,true
yikart/aitoearn,4181,387,236,30,322,4312,271,5156,false
containers/podman,4180,330,795,1942,1424,4916,325,8671,false
structuredlabs/preswald,4180,696,575,908,208,4317,236,6567,false
sonnylazuardi/cursor-talk-to-figma-mcp,4178,418,72,29,88,4463,150,4785,false
diygod/rsshub,4175,1507,2339,2832,718,5506,326,11571,false
z-siqi/clash-for-windows_chinese,4170,323,21,0,87,4358,324,4601,false
bluewave-labs/checkmate,4159,347,1310,1735,509,4443,322,8060,false
automattic/harper,4157,126,1632,1646,864,4332,324,8425,false
mruniquehacker/knightbot-md,4155,8537,113,200,69,9567,297,13074,false
classicoldsong/apollo,4155,103,128,38,913,4612,325,5337,false
sharkdp/bat,4153,111,224,275,136,4291,325,4899,false
coreybutler/nvm-windows,4143,244,9,26,99,4343,324,4521,false
deepseek-ai/deepseek-vl2,4143,1809,14,22,104,5517,279,6092,false
refly-ai/refly,4135,359,2168,1150,260,4247,293,8072,false
microsoft/nlweb,4127,424,130,173,54,4455,67,4908,false
arindam200/awesome-ai-apps,4122,460,110,58,12,4476,187,4762,false
files-community/files,4115,245,1420,724,1043,4629,325,7547,false
scrapegraphai/scrapegraph-ai,4102,414,286,133,147,4373,322,5082,false
qwenlm/qwen,4101,373,12,4,438,4436,325,4928,true
pennyroyaltea/gibberlink,4096,341,23,4,15,4304,206,4479,false
t3dotgg/stripe-recommendations,4091,198,9,12,29,4199,285,4339,false
ray-project/ray,4087,784,9375,9220,9887,5239,326,33353,true
stepfun-ai/step-audio,4082,331,54,48,153,4311,190,4668,false
django/django,4072,1532,838,1613,0,5390,324,8055,false
foundationagents/openmanus,4072,818,30,97,155,4724,207,5172,false
barry-ran/qtscrcpy,4070,366,47,42,90,4326,325,4615,false
revanced/revanced-manager,4064,139,276,248,432,4230,326,5159,false
easytier/easytier,4059,363,362,439,719,4453,325,5942,false
pola-rs/polars,4054,374,3275,3651,3297,5055,324,14651,false
gokumohandas/made-with-ml,4050,540,0,9,2,4481,326,4601,false
fellouai/eko,4050,315,453,282,93,4238,299,5193,false
marticliment/unigetui,4047,131,1143,746,763,4350,324,6830,false
nextcloud/server,4044,444,10540,7381,2101,5089,326,24510,false
ueberdosis/tiptap,4042,321,954,643,524,4541,325,6484,false
openrlhf/openrlhf,4028,442,785,258,402,4404,318,5915,false
pyspur-dev/pyspur,4024,298,968,340,49,4173,276,5679,false
alienator88/pearcleaner,4021,85,283,33,246,4120,325,4668,false
wavetermdev/waveterm,4020,196,1661,1053,236,4242,325,7166,false
mikeroyal/self-hosting-guide,4017,179,5,19,7,4108,325,4227,false
jackywine/bella,4007,669,5,14,42,4529,120,4737,false
apache/airflow,4007,1332,7425,14201,4441,5924,325,31406,false
cmliu/cf-workers-sub,4006,6135,24,41,45,6996,318,10251,false
getcursor/cursor,4005,282,0,7,721,4708,168,5015,false
facefusion/facefusion,4004,880,524,186,0,4667,326,5594,false
executeautomation/mcp-playwright,4004,339,78,113,108,4278,302,4642,false
karpathy/llm101n,4003,210,0,0,0,4100,323,4213,false
ryanoasis/nerd-fonts,4002,196,168,92,137,4171,325,4595,false
lukasz-madon/awesome-remote-job,4000,317,11,51,29,4245,324,4408,false
qbittorrent/qbittorrent,3996,300,265,591,1529,4669,324,6681,false
hedge-dev/unleashedrecomp,3994,206,151,191,1863,4765,228,6405,false
realkai42/qwerty-learner,3992,595,72,85,74,4361,322,4818,false
saadeghi/daisyui,3989,281,751,308,724,4364,325,6053,false
mediar-ai/screenpipe,3988,474,970,678,758,4340,320,6868,false
electronicarts/cnc_generals_zero_hour,3985,1266,0,0,0,4872,193,5251,false
abiosoft/colima,3979,82,77,110,105,4088,325,4353,false
jimmylv/awesome-nano-banana,3976,336,3,1,0,4208,87,4316,false
firecrawl/open-lovable,3972,815,10,28,27,4647,99,4852,false
roocodeinc/roo-code,3968,646,4317,4796,2290,5051,187,16017,false
humansignal/label-studio,3967,594,4014,1548,507,4661,326,10630,false
enaqx/awesome-react,3964,251,12,57,14,4137,325,4298,false
zuodaotech/everyone-can-use-english,3961,422,37,25,70,4257,313,4515,false
karanpratapsingh/system-design,3956,734,0,18,5,4483,324,4713,false
doocs/md,3955,694,630,653,261,4370,323,6193,false
directus/directus,3946,533,2863,1062,1501,4643,326,9905,false
powershell/powershell,3945,545,947,1471,1041,4703,325,7949,false
wailsapp/wails,3945,237,569,398,515,4245,325,5664,false
prometheus/prometheus,3942,632,1447,1835,606,4699,325,8462,false
dongyubin/dockerhub,3939,180,5,0,15,4028,324,4139,false
janhq/jan,3935,232,658,515,448,4167,109,5788,false
ankitects/anki,3934,332,454,768,256,4220,325,5744,false
karpathy/nn-zero-to-hero,3932,567,0,6,3,4359,324,4508,false
fish-shell/fish-shell,3928,214,574,554,803,4353,324,6073,false
zumerlab/snapdom,3927,123,254,49,277,4059,208,4630,false
myshell-ai/openvoice,3923,640,2,17,74,4466,323,4656,false
huiyadanli/revokemsgpatcher,3919,268,7,4,272,4143,325,4470,false
atuinsh/atuin,3918,124,196,324,270,4152,325,4832,false
evil0ctal/douyin_tiktok_download_api,3916,506,24,15,162,4253,323,4623,false
frdel/agent-zero,3907,732,188,167,193,4482,198,5187,false
scrapy/scrapy,3906,507,263,544,240,4370,323,5460,false
ultralytics/yolov5,3894,875,104,132,197,4648,323,5202,false
aipotheosis-labs/aci,3891,338,524,341,73,4035,177,5167,false
steveiliop56/tinyauth,3889,115,904,373,228,3975,301,5509,false
getomni-ai/zerox,3881,332,115,51,28,4097,287,4407,false
freecad/freecad,3879,574,1877,4338,6204,5061,325,16872,false
jingmatrix/lsposed,3878,350,150,151,186,4121,325,4715,false
thinkinaixyz/deepchat,3877,444,1513,734,592,4211,277,7160,false
liam-hq/liam,3869,163,7752,4751,296,3933,318,16831,false
ngxson/smolvlm-realtime-webcam,3867,606,0,6,12,4279,147,4491,false
kijai/comfyui-wanvideowrapper,3864,279,834,75,1286,4490,268,6338,false
corentinj/real-time-voice-cloning,3863,429,1,16,60,4188,322,4369,false
gitleaks/gitleaks,3859,236,112,196,156,4117,324,4559,false
icewhaletech/casaos,3859,250,6,11,209,4154,324,4335,false
snouzy/workout-cool,3858,295,268,141,56,4069,152,4618,false
the-pocket/pocketflow-tutorial-codebase-knowledge,3857,608,27,48,45,4292,202,4585,false
moonshotai/kimi-audio,3857,267,7,26,129,4039,177,4286,false
nutlope/logocreator,3855,289,2,3,5,4020,263,4154,false
openai/openai-cs-agents-demo,3853,591,2,24,8,4284,121,4478,false
al1abb/invoify,3851,409,177,537,29,4101,290,5003,false
pgvector/pgvector,3847,231,98,49,227,4080,324,4452,false
tanstack/query,3846,459,1639,1100,362,4171,326,7406,false
vllm-project/aibrix,3841,387,495,829,550,4087,270,6102,false
eza-community/eza,3837,98,193,289,156,3960,326,4573,false
jgm/pandoc,3832,213,432,191,593,4157,325,5261,false
loft-sh/vcluster,3829,99,775,1154,165,3903,313,6022,false
cheahjs/free-llm-api-resources,3827,309,32,127,22,4036,324,4317,false
adguardteam/adguardhome,3824,280,584,35,371,4228,325,5094,false
ml-explore/mlx,3822,288,1109,975,448,4134,324,6642,true
yuliskov/smarttube,3816,213,1042,207,588,4361,326,5866,false
xiaye13579/bbll,3816,111,0,0,334,3976,316,4261,false
getify/you-dont-know-js,3811,504,7,26,70,4143,324,4418,false
sindresorhus/awesome-nodejs,3806,270,9,48,11,4007,325,4144,false
