repo_name,total_contributors,total_pushes,push_contributors,top1_pushes,top1_push_ratio,pr_contributors,is_ai
codecrafters-io/build-your-own-x,115862,12,3,5,0.385,77,false
codecrafters-io/build-your-own-x,115862,12,3,5,0.385,77,false
n8n-io/n8n,113341,32351,100,12086,0.374,822,false
deepseek-ai/deepseek-v3,95569,28,3,16,0.552,132,false
deepseek-ai/deepseek-r1,93947,19,5,7,0.35,53,false
openclaw/openclaw,93309,13200,72,5287,0.4,4069,false
x1xhlol/system-prompts-and-models-of-ai-tools,92944,276,1,276,0.996,74,false
sindresorhus/awesome,73653,35,1,35,0.972,134,false
unionlabs/union,72306,5059,12,1169,0.231,63,false
digitalplatdev/freedomain,69933,25,1,25,0.962,17,false
langflow-ai/langflow,68031,17231,54,3080,0.179,360,false
langgenius/dify,66740,11855,52,1997,0.168,828,false
punkpeye/awesome-mcp-servers,65737,1258,2,1241,0.986,1625,false
browser-use/browser-use,65357,3738,19,1482,0.396,462,false
open-webui/open-webui,64527,3868,3,3857,0.997,957,false
google-gemini/gemini-cli,62440,13170,104,2213,0.168,1160,false
modelcontextprotocol/servers,60570,889,21,229,0.257,1346,false
anthropics/claude-code,60352,264,26,169,0.638,231,false
shubhamsaboo/awesome-llm-apps,59683,257,3,253,0.981,133,false
public-apis/public-apis,59500,3,1,3,0.75,414,false
ollama/ollama,53988,3170,13,683,0.215,540,true
microsoft/markitdown,50239,193,3,181,0.933,153,false
openai/codex,50015,22759,203,4565,0.201,805,false
tapxworld/chinatextbook,49345,5,1,5,0.833,24,false
awesome-selfhosted/awesome-selfhosted,47182,211,1,211,0.995,2,false
mannaandpoem/openmanus,46542,249,10,157,0.628,206,false
microsoft/ai-agents-for-beginners,45080,433,10,146,0.336,73,false
massgravel/microsoft-activation-scripts,44134,152,3,138,0.902,22,false
microsoft/generative-ai-for-beginners,43876,356,8,150,0.42,77,false
obra/superpowers,42418,122,2,87,0.707,146,false
affaan-m/everything-claude-code,42417,1872,5,1370,0.731,132,false
donnemartin/system-design-primer,41874,8,1,8,0.889,51,false
vinta/awesome-python,41201,101,2,74,0.725,198,false
practical-tutorials/project-based-learning,40661,,,,,50,false
anthropics/skills,40611,20,6,7,0.333,165,false
yt-dlp/yt-dlp,40429,564,5,384,0.68,316,false
infiniflow/ragflow,40212,2431,8,1904,0.783,421,false
clash-verge-rev/clash-verge-rev,39940,2084,12,888,0.426,87,false
inkonchain/docs,39927,315,11,163,0.516,40,false
trimstray/the-book-of-secret-knowledge,39900,,,,,42,false
inkonchain/node,39853,19,3,14,0.7,11,false
inkonchain/ink-kit,39681,60,4,45,0.738,13,false
kamranahmedse/developer-roadmap,38607,1667,4,870,0.522,351,false
virattt/ai-hedge-fund,38547,270,1,270,0.996,166,false
yeongpin/cursor-free-vip,37910,377,2,376,0.995,49,false
anomalyco/opencode,36558,4954,19,1446,0.292,1085,false
hacksider/deep-live-cam,36516,156,3,104,0.662,99,false
github/spec-kit,36466,386,5,214,0.553,202,false
cline/cline,36310,9549,51,2025,0.212,491,false
rasbt/llms-from-scratch,36036,399,1,399,0.998,45,false
astral-sh/uv,35085,7358,19,2236,0.304,365,false
unclecode/crawl4ai,34957,536,7,325,0.605,166,false
vllm-project/vllm,34344,9557,60,1834,0.192,2362,true
microsoft/vscode,34332,23640,75,2184,0.092,808,false
cherryhq/cherry-studio,33967,6647,36,2067,0.311,389,false
521xueweihan/hellogithub,33632,38,1,38,0.974,8,false
deepseek-ai/awesome-deepseek-integration,33330,234,1,234,0.996,234,false
pathwaycom/pathway,33155,639,3,631,0.986,17,false
zie619/n8n-workflows,32450,40,1,40,0.976,36,false
ebookfoundation/free-programming-books,30377,301,2,297,0.983,302,false
comfyanonymous/comfyui,30206,1555,13,935,0.601,246,true
pathwaycom/llm-app,30069,31,1,31,0.969,2,false
torvalds/linux,29022,836,1,836,0.999,200,false
upstash/context7,28937,554,9,222,0.4,98,false
unslothai/unsloth,28896,2920,11,2389,0.818,166,true
opencut-app/opencut,28321,459,5,393,0.854,154,false
jingyaogong/minimind,28072,122,1,122,0.992,42,false
freecodecamp/freecodecamp,27870,2990,29,525,0.176,1014,false
patrickjs/awesome-cursorrules,27734,53,1,53,0.981,72,false
linera-io/linera-protocol,27641,4204,11,1776,0.422,78,false
immich-app/immich,26711,13390,30,3992,0.298,467,false
rustdesk/rustdesk,26667,625,5,583,0.931,361,false
langchain-ai/langchain,26308,4494,35,1575,0.35,960,true
ruanyf/weekly,25812,71,1,71,0.986,11,false
jwasham/coding-interview-university,25551,,,,,23,false
harry0703/moneyprinterturbo,25490,61,2,59,0.952,39,false
sst/opencode,25403,4110,15,1292,0.314,580,false
mlabonne/llm-course,25209,14,1,14,0.933,6,false
daytonaio/daytona,25183,3073,15,672,0.219,93,false
huggingface/open-r1,25174,708,19,322,0.454,96,false
nousresearch/hermes-agent,25022,2674,20,2099,0.785,1049,false
bytedance/deer-flow,24918,602,14,307,0.509,214,false
ladybirdbrowser/ladybird,24859,2558,11,558,0.218,294,false
mendableai/firecrawl,24218,1817,11,958,0.527,70,false
anduin2017/howtocook,24170,216,1,216,0.995,77,false
opendatalab/mineru,23733,955,4,661,0.691,87,false
davidhdev/react-bits,23703,545,2,540,0.989,101,false
sansan0/trendradar,23408,1595,2,1469,0.92,260,false
excalidraw/excalidraw,23347,1975,10,667,0.338,291,false
shadcn-ui/ui,23265,1127,6,827,0.733,693,false
block/goose,23263,12907,68,3210,0.249,426,false
avelino/awesome-go,23214,223,4,106,0.473,213,false
all-hands-ai/openhands,22859,11819,24,2441,0.207,281,false
f/awesome-chatgpt-prompts,22848,783,4,548,0.699,88,false
librespark/libretv,22804,211,4,120,0.566,201,false
tauricresearch/tradingagents,22736,41,2,35,0.833,102,false
zed-industries/zed,22709,24765,64,1819,0.073,1239,false
9001/copyparty,22576,514,1,514,0.998,91,false
mintplex-labs/anything-llm,22380,1759,4,1140,0.648,155,false
hiyouga/llama-factory,22167,582,3,560,0.961,123,true
github/github-mcp-server,21996,1361,48,351,0.258,232,false
huggingface/smolagents,21840,1491,14,909,0.609,333,false
clawdbot/clawdbot,21764,1819,9,1676,0.921,330,false
nvim-lua/kickstart.nvim,21761,47,3,28,0.583,341,false
firecrawl/firecrawl,21659,1204,21,331,0.275,83,false
huggingface/agents-course,21603,480,9,132,0.274,211,false
firstcontributions/first-contributions,21214,11615,2,9922,0.854,11727,false
lobehub/lobe-chat,21200,8965,16,3358,0.375,227,false
yuaotian/go-cursor-help,21077,193,1,193,0.995,27,false
ossu/computer-science,21066,31,2,23,0.719,27,false
stirling-tools/stirling-pdf,21065,5219,12,2000,0.383,111,false
asgeirtj/system_prompts_leaks,20975,225,1,225,0.996,32,false
ghostty-org/ghostty,20793,2029,14,1714,0.844,369,false
microsoft/typescript-go,20764,3017,11,1046,0.347,139,false
bytedance/ui-tars-desktop,20716,4012,12,2587,0.645,52,false
ggml-org/llama.cpp,20370,3748,48,1286,0.343,835,false
patchy631/ai-engineering-hub,20286,203,3,126,0.618,89,false
nextlevelbuilder/ui-ux-pro-max-skill,20273,52,2,35,0.66,35,false
microsoft/playwright-mcp,20111,377,8,213,0.563,131,false
huggingface/transformers,19844,11120,72,2123,0.191,1244,true
2dust/v2rayn,19683,159,3,157,0.981,54,false
senshinya/moontv,19580,225,1,225,0.996,54,false
juspay/hyperswitch,19513,13605,110,2174,0.16,160,false
berriai/litellm,19325,19470,47,7891,0.405,1286,true
ripienaar/free-for-dev,19245,175,2,173,0.983,279,false
78/xiaozhi-esp32,19219,528,5,515,0.974,179,false
home-assistant/core,19218,16239,69,2312,0.142,1430,false
msitarzewski/agency-agents,19191,57,1,57,0.983,54,false
supabase/supabase,19150,14559,162,1905,0.131,636,false
docling-project/docling,19053,1079,18,269,0.249,161,false
mem0ai/mem0,18959,1115,21,431,0.386,344,false
openbb-finance/openbb,18896,1064,6,861,0.808,34,false
glanceapp/glance,18839,143,1,143,0.993,105,false
eyaltoledano/claude-task-master,18819,1092,4,779,0.713,116,false
thedotmack/claude-mem,18583,1359,4,1263,0.929,114,false
composiohq/awesome-claude-skills,18577,29,3,26,0.867,118,false
thealgorithms/python,18307,206,8,95,0.459,487,false
zen-browser/desktop,18257,4534,7,3013,0.664,167,false
nanmicoder/mediacrawler,18253,92,1,92,0.989,40,false
microsoft/omniparser,18083,36,3,24,0.649,46,false
camel-ai/owl,17872,435,12,210,0.482,63,false
tw93/mole,17756,818,2,638,0.779,53,false
microsoft/powertoys,17604,4677,44,577,0.123,164,false
modelcontextprotocol/python-sdk,17519,1216,20,282,0.232,349,false
dzhng/deep-research,17480,46,1,46,0.979,41,false
crewaiinc/crewai,17425,4033,27,1211,0.3,299,true
exo-explore/exo,17405,2498,8,867,0.347,106,false
kortix-ai/suna,17375,2253,14,821,0.364,119,false
maybe-finance/maybe,17342,862,4,642,0.744,68,false
openai/whisper,17331,15,2,14,0.875,45,true
iptv-org/iptv,17322,1271,17,671,0.528,127,false
nari-labs/dia,16948,68,4,40,0.58,46,false
voideditor/void,16904,1308,3,1044,0.798,66,false
openai/openai-agents-python,16849,2888,25,1550,0.537,348,false
jackfrued/python-100-days,16823,73,1,73,0.986,30,false
deepseek-ai/janus,16799,5,1,5,0.833,26,false
instructkr/claw-code,16764,91,3,79,0.859,,false
garrytan/gstack,16596,524,1,524,0.998,98,false
karpathy/autoresearch,16586,12,1,12,0.923,63,false
fosowl/agenticseek,16500,605,2,600,0.99,65,false
google/langextract,16435,160,1,160,0.994,62,false
flowiseai/flowise,16430,1173,19,698,0.595,241,false
godotengine/godot,16389,583,4,263,0.45,1154,false
ultralytics/ultralytics,16375,11318,22,3380,0.299,264,true
musistudio/claude-code-router,16343,114,1,114,0.991,76,false
louislam/uptime-kuma,16277,495,5,207,0.417,217,false
mastra-ai/mastra,16277,29295,50,6416,0.219,374,false
ocrmypdf/ocrmypdf,16249,62,2,60,0.952,16,false
jlowin/fastmcp,16190,2061,10,1507,0.731,162,false
forrestchang/andrej-karpathy-skills,16170,5,1,5,0.833,15,false
genymobile/scrcpy,16146,142,1,142,0.993,50,false
simstudioai/sim,16139,8053,11,4183,0.519,111,false
agno-agi/agno,16084,9555,27,2444,0.256,380,false
paddlepaddle/paddleocr,16056,697,13,294,0.421,95,false
christitustech/winutil,16050,311,2,268,0.859,72,false
hesreallyhim/awesome-claude-code,16048,584,4,318,0.544,65,false
deepseek-ai/deepseek-coder,16037,1,1,1,0.5,21,false
moeru-ai/airi,15879,2648,14,1575,0.595,128,false
better-auth/better-auth,15849,5538,18,2049,0.37,725,false
microsoft/autogen,15839,2632,20,815,0.31,273,true
automatic1111/stable-diffusion-webui,15832,14,2,10,0.667,81,true
moltbot/moltbot,15709,51,7,13,0.25,183,false
th-ch/youtube-music,15706,837,5,400,0.477,75,false
stackblitz-labs/bolt.diy,15631,189,9,56,0.295,308,false
dokploy/dokploy,15629,1891,5,1823,0.964,232,false
getzep/graphiti,15627,819,7,423,0.516,126,false
anthropics/prompt-eng-interactive-tutorial,15602,,,,,21,false
666ghj/bettafish,15595,153,5,65,0.422,40,false
linshenkx/prompt-optimizer,15588,144,1,144,0.993,22,false
zhulinsen/daily_stock_analysis,15564,483,4,471,0.973,101,false
sgl-project/sglang,15519,16275,92,2598,0.16,1428,false
krahets/hello-algo,15388,232,1,232,0.996,56,false
google/a2a,15374,454,13,190,0.418,129,false
byaidu/pdfmathtranslate,15286,132,4,84,0.632,51,false
ultraworkers/claw-code,15283,217,2,144,0.661,6,false
lllyasviel/framepack,15163,19,1,19,0.95,35,false
facebook/react,15157,5167,38,2020,0.391,377,false
toeverything/affine,15141,16327,29,4658,0.285,122,false
microsoft/qlib,15126,130,2,117,0.893,45,false
max-eee/neopass,15115,45,1,45,0.978,5,false
datawhalechina/happy-llm,15050,98,3,69,0.697,23,false
aider-ai/aider,15049,755,1,755,0.999,270,false
zama-ai/fhevm,15047,3818,44,575,0.151,112,false
bmad-code-org/bmad-method,15029,629,9,348,0.552,146,false
browser-use/web-ui,15015,126,5,98,0.772,103,false
microsoft/vibevoice,14959,97,6,36,0.367,50,false
community-scripts/proxmoxve,14946,9910,11,3337,0.337,366,false
cmliu/edgetunnel,14874,276,2,255,0.921,245,false
srbhr/resume-matcher,14865,200,2,198,0.985,73,false
raphire/win11debloat,14827,343,1,343,0.997,25,false
wshobson/agents,14808,118,1,118,0.992,56,false
google/adk-python,14749,2578,18,2437,0.945,419,false
cloudcommunity/free-certifications,14667,6,1,6,0.857,7,false
rvc-boss/gpt-sovits,14662,199,1,199,0.995,65,false
farion1231/cc-switch,14651,452,3,327,0.722,95,false
ashishpatel26/500-ai-agents-projects,14599,13,2,8,0.571,31,false
ahujasid/blender-mcp,14582,73,2,70,0.946,43,false
khoj-ai/khoj,14576,503,2,343,0.681,53,false
kvcache-ai/ktransformers,14575,727,17,145,0.199,95,false
pytorch/pytorch,14563,118740,275,16671,0.14,1605,true
localsend/localsend,14512,239,1,239,0.996,63,false
code-yeongyu/oh-my-opencode,14486,1140,7,790,0.692,180,false
handsonllm/hands-on-large-language-models,14471,35,1,35,0.972,10,false
onlook-dev/onlook,14396,3255,11,2470,0.759,77,false
allenai/olmocr,14369,864,7,754,0.872,25,false
subframe7536/maple-font,14204,425,1,425,0.998,16,false
hack-with-github/awesome-hacking,14193,4,2,3,0.6,15,false
langchain-ai/langgraph,14123,4501,44,649,0.144,313,false
ourongxing/newsnow,14076,139,1,139,0.993,49,false
karpathy/nanochat,14052,126,2,124,0.976,127,false
significant-gravitas/autogpt,14048,10019,25,2994,0.299,130,false
shadps4-emu/shadps4,14007,2502,10,2032,0.812,119,false
flowseal/zapret-discord-youtube,13996,128,1,128,0.992,91,false
jaywcjlove/awesome-mac,13965,480,2,246,0.511,118,false
bregman-arie/devops-exercises,13961,20,1,20,0.952,33,false
volcengine/verl,13960,1818,19,639,0.351,560,false
usememos/memos,13956,802,5,553,0.689,147,false
wan-video/wan2.1,13896,53,6,19,0.352,55,false
koala73/worldmonitor,13878,2880,4,2778,0.964,70,false
clockworklabs/spacetimedb,13862,5653,24,896,0.158,76,false
chromedevtools/chrome-devtools-mcp,13833,1043,21,416,0.398,97,false
voltagent/awesome-design-md,13818,8,1,8,0.889,5,false
sesameailabs/csm,13730,18,3,11,0.579,24,false
siyuan-note/siyuan,13714,2913,2,1462,0.502,43,false
xming521/weclone,13679,255,2,248,0.969,10,false
fosrl/pangolin,13670,3440,4,2569,0.747,68,false
hkuds/lightrag,13626,1358,8,936,0.689,220,false
chen08209/flclash,13553,1190,2,1170,0.982,37,false
microsoft/bitnet,13550,48,5,26,0.531,45,false
apple/container,13537,275,10,112,0.406,76,false
enescingoz/awesome-n8n-templates,13516,25,1,25,0.962,9,false
browserbase/stagehand,13421,3568,29,829,0.232,98,false
paperclipai/paperclip,13408,509,5,365,0.716,349,false
fujiwarachoki/moneyprinterv2,13332,19,1,19,0.95,25,false
coze-dev/coze-studio,13303,706,17,180,0.255,71,false
fastapi/fastapi,13284,1399,11,953,0.681,352,false
suitenumerique/docs,13282,3567,24,1142,0.32,91,false
yamadashy/repomix,13278,2094,7,1688,0.806,49,false
dockur/windows,13275,199,2,189,0.945,40,false
mindverse/second-me,13265,499,16,166,0.332,48,false
resemble-ai/chatterbox,13213,26,10,8,0.296,72,false
ahmedkhaleel2004/gitdiagram,13198,79,1,79,0.988,26,false
dataexpert-io/data-engineer-handbook,13194,33,4,17,0.5,59,false
juliangarnier/anime,13138,125,1,125,0.992,23,false
666ghj/mirofish,13083,51,1,51,0.981,45,false
danny-avila/librechat,13057,3638,12,2513,0.691,368,false
stanford-oval/storm,13056,11,2,6,0.5,42,false
gar-b-age/cooklikehoc,13042,19,1,19,0.95,14,false
lightpanda-io/browser,13016,2086,10,964,0.462,44,false
hkuds/nanobot,12995,559,3,398,0.711,380,false
vercel/next.js,12986,23158,65,2561,0.111,804,false
twentyhq/twenty,12957,19419,31,3008,0.155,315,false
flutter/flutter,12915,9345,50,4127,0.442,644,false
expo/expo,12854,15953,55,1248,0.078,669,false
freqtrade/freqtrade,12783,1687,7,1142,0.677,105,false
imputnet/cobalt,12782,514,3,387,0.751,55,false
jesseduffield/lazygit,12752,873,4,531,0.608,132,false
yangshun/tech-interview-handbook,12669,17,1,17,0.944,20,false
composiohq/composio,12658,3293,36,724,0.22,91,false
openlistteam/openlist,12654,677,16,199,0.294,93,false
dair-ai/prompt-engineering-guide,12651,61,2,57,0.919,41,false
fission-ai/openspec,12641,369,6,331,0.895,61,false
lynx-family/lynx,12627,8249,10,8163,0.989,85,false
datawhalechina/hello-agents,12570,188,3,184,0.974,65,false
jiayi-pan/tinyzero,12563,23,3,21,0.875,17,false
odoo/odoo,12551,55106,4,55057,0.999,1232,false
keygraphhq/shannon,12534,128,5,59,0.457,27,false
coollabsio/coolify,12517,1828,3,1347,0.736,504,false
mhsanaei/3x-ui,12490,475,6,403,0.847,116,false
datawhalechina/self-llm,12424,98,2,97,0.98,44,false
astral-sh/ty,12376,504,15,121,0.24,43,false
microsoft/playwright,12347,2026,9,428,0.211,190,false
nirdiamant/genai_agents,12245,45,1,45,0.978,14,false
elizaos/eliza,12238,8069,35,2369,0.294,628,false
github/awesome-copilot,12222,769,11,506,0.657,251,false
fatedier/frp,12216,146,3,140,0.952,47,false
alvin9999/new-pac,12206,29682,2,29602,0.997,2,false
d4vinci/scrapling,12170,405,2,404,0.995,19,false
tauri-apps/tauri,12113,2482,8,1019,0.41,153,false
chatgptnextweb/nextchat,12108,83,3,65,0.774,138,false
dyad-sh/dyad,12106,1281,9,1152,0.899,55,false
qwenlm/qwen-code,12105,1712,23,542,0.316,149,false
techarohq/anubis,12095,949,5,852,0.897,136,false
voltagent/awesome-openclaw-skills,12048,78,1,78,0.987,87,false
oraios/serena,11981,1065,4,538,0.505,149,false
microsoft/wsl,11970,1501,23,484,0.322,73,false
readest/readest,11919,1139,1,1139,0.999,55,false
coleam00/archon,11892,485,10,217,0.447,120,false
lbjlaq/antigravity-manager,11868,140,1,140,0.993,80,false
humanlayer/12-factor-agents,11816,133,1,133,0.993,26,false
zju-llms/foundations-of-llms,11816,1,1,1,0.5,2,false
conductor-oss/conductor,11813,2630,17,1920,0.73,77,false
anuraghazra/github-readme-stats,11779,498,5,251,0.503,113,false
ayangweb/bongocat,11712,491,4,477,0.97,26,false
metacubex/clashmetaforandroid,11703,625,5,549,0.877,15,false
mruniquehacker/knightbot-md,11684,116,1,116,0.991,147,false
nautechsystems/nautilus_trader,11681,3982,12,2652,0.666,100,false
raga-ai-hub/ragaai-catalyst,11681,45,2,41,0.891,13,false
rustfs/rustfs,11654,1852,22,722,0.39,98,false
continuedev/continue,11638,5190,19,1673,0.322,296,false
sillytavern/sillytavern,11635,852,5,484,0.567,246,false
basecamp/omarchy,11625,1844,4,1670,0.905,580,false
charmbracelet/crush,11611,1500,12,300,0.2,126,false
anoma/anoma,11599,660,9,203,0.307,26,false
microsoft/data-formulator,11595,434,4,305,0.701,30,false
microsoft/ml-for-beginners,11574,279,7,177,0.632,35,false
nirdiamant/rag_techniques,11559,90,1,90,0.989,22,false
mudler/localai,11545,2631,6,2284,0.868,73,false
deepseek-ai/flashmla,11541,37,4,24,0.632,28,false
oven-sh/bun,11538,19485,31,4059,0.208,417,false
henrygd/beszel,11526,1300,1,1300,0.999,74,false
neovim/neovim,11497,2764,15,914,0.331,368,false
badlogic/pi-mono,11403,1364,4,1295,0.949,265,false
llvm/llvm-project,11394,50623,1145,2814,0.056,2870,false
elder-plinius/cl4r1t4s,11370,140,1,140,0.993,28,false
rust-lang/rust,11335,18087,7,8084,0.447,958,false
google-gemini/gemini-fullstack-langgraph-quickstart,11325,8,1,8,0.889,69,false
nodejs/node,11307,2855,41,1901,0.666,597,false
guovin/iptv-api,11285,946,2,549,0.58,108,false
bloopai/vibe-kanban,11275,2762,9,807,0.292,119,false
mermaid-js/mermaid,11162,2517,21,1443,0.573,160,false
tw93/pake,11157,264,2,224,0.845,29,false
picotrex/awesome-nano-banana-images,11155,18,3,14,0.737,7,false
huggingface/lerobot,11151,3271,25,844,0.258,327,false
copilotkit/copilotkit,11089,5588,28,841,0.15,130,false
google-ai-edge/gallery,11078,522,5,459,0.878,27,false
gofr-dev/gofr,11077,2577,8,1201,0.466,115,false
emmabostian/developer-portfolios,11058,888,1,888,0.999,792,false
roovetgit/roo-code,11026,3947,13,1370,0.347,246,false
index-tts/index-tts,11025,102,4,60,0.583,37,false
hsliuping/tradingagents-cn,11017,266,1,266,0.996,35,false
predidit/kazumi,10950,448,1,448,0.998,39,false
sherlock-project/sherlock,10888,219,4,110,0.5,103,false
fastapi/full-stack-fastapi-template,10861,485,6,222,0.457,120,false
asabeneh/30-days-of-python,10844,51,1,51,0.981,66,false
makeplane/plane,10818,3420,30,978,0.286,121,false
zai-org/open-autoglm,10777,27,2,15,0.536,31,false
jj-vcs/jj,10746,4530,49,1295,0.286,249,false
termux/termux-app,10739,25,2,16,0.615,81,false
langfuse/langfuse,10727,8679,24,1442,0.166,172,false
2dust/v2rayng,10692,114,2,112,0.974,47,false
emcie-co/parlant,10674,1685,7,619,0.367,45,false
openai/gpt-oss,10662,75,7,44,0.579,81,false
lordog/dive-into-llms,10632,8,4,5,0.556,5,false
dani-garcia/vaultwarden,10622,160,2,125,0.776,53,false
microsoft/web-dev-for-beginners,10615,348,7,153,0.438,59,false
typst/typst,10594,953,6,417,0.437,168,false
asyncfuncai/deepwiki-open,10593,123,1,123,0.992,88,false
karpathy/nanogpt,10587,1,1,1,0.5,35,false
krtirtho/spotube,10586,264,1,264,0.996,33,false
bytebytegohq/system-design-101,10582,2,1,2,0.667,7,false
gyulyvgc/sniffnet,10517,574,4,514,0.894,35,false
hiroi-sora/umi-ocr,10500,46,1,46,0.979,6,false
corentinth/it-tools,10490,222,2,212,0.951,68,false
nirdiamant/agents-towards-production,10490,72,1,72,0.986,21,false
jujumilk3/leaked-system-prompts,10470,68,1,68,0.986,28,false
shareai-lab/learn-claude-code,10469,45,1,45,0.978,32,false
glips/figma-context-mcp,10463,168,2,139,0.822,60,false
geekan/metagpt,10461,27,2,26,0.929,22,true
dayuanjiang/next-ai-draw-io,10435,427,5,331,0.773,52,false
maboloshi/github-chinese,10403,373,4,190,0.508,21,false
conardli/easy-dataset,10377,289,1,289,0.997,40,false
davila7/claude-code-templates,10368,678,3,504,0.742,59,false
ashishps1/awesome-system-design-resources,10359,21,1,21,0.955,5,false
sxyazi/yazi,10333,660,3,650,0.983,68,false
drawdb-io/drawdb,10315,235,1,235,0.996,93,false
drewthomasson/ebook2audiobook,10303,1292,3,679,0.525,38,false
kilo-org/kilocode,10291,7153,50,1164,0.163,260,false
e2b-dev/awesome-ai-agents,10290,3,2,2,0.5,159,false
chengazhen/cursor-auto-free,10271,151,1,151,0.993,34,false
maotoumao/musicfree,10241,88,2,86,0.966,7,false
sparkaudio/spark-tts,10209,20,2,18,0.857,17,false
syncthing/syncthing,10190,507,9,373,0.734,54,false
gorhill/ublock,10169,602,1,602,0.998,8,false
algerkong/algermusicplayer,10147,262,2,259,0.985,10,false
kubernetes/kubernetes,10122,2672,3,2546,0.952,903,false
gedoor/legado,10116,563,5,504,0.894,32,false
tabbyml/tabby,10114,1276,7,351,0.275,36,false
shanraisshan/claude-code-best-practice,10112,124,1,124,0.992,7,false
papers-we-love/papers-we-love,10094,5,1,5,0.833,6,false
gitroomhq/postiz-app,10087,866,8,549,0.633,107,false
pocketbase/pocketbase,10083,379,1,379,0.997,50,false
aishwaryanr/awesome-generative-ai-guide,10081,107,3,102,0.944,26,false
paperless-ngx/paperless-ngx,10064,4023,6,2181,0.542,93,false
docmost/docmost,10061,1083,2,1081,0.997,86,false
comet-ml/opik,10053,11378,54,1288,0.113,111,false
ashishps1/awesome-low-level-design,10008,101,1,101,0.99,54,false
hoppscotch/hoppscotch,10000,1081,8,596,0.551,117,false
microsoft/mcp-for-beginners,9999,748,10,350,0.467,51,false
swisskyrepo/payloadsallthethings,9990,115,2,60,0.517,37,false
python/cpython,9985,6914,78,661,0.096,995,false
rssnext/folo,9978,2537,8,828,0.326,46,false
microsoft/edit,9973,245,2,206,0.837,110,false
astrbotdevs/astrbot,9961,1634,12,1186,0.725,191,false
sickn33/antigravity-awesome-skills,9961,557,3,388,0.695,102,false
zama-ai/bounty-program,9942,18,3,7,0.368,12,false
jellyfin/jellyfin,9885,856,12,327,0.382,212,false
danielmiessler/fabric,9874,533,5,201,0.376,81,false
nationalsecurityagency/ghidra,9872,281,4,269,0.954,103,false
vercel/ai-chatbot,9859,424,11,269,0.633,199,false
gsd-build/get-shit-done,9820,544,7,404,0.741,96,false
usebruno/bruno,9808,903,9,302,0.334,202,false
mungell/awesome-for-beginners,9802,79,2,41,0.513,158,false
junkfood02/seal,9784,11,1,11,0.917,8,false
heyputer/puter,9749,2059,7,683,0.332,128,false
nektos/act,9662,129,6,84,0.646,49,false
vercel/ai,9651,9982,42,3729,0.374,600,false
kavishdevar/librepods,9563,148,3,126,0.846,35,false
tencent/hunyuan3d-2,9563,115,11,79,0.681,29,false
astral-sh/ruff,9557,11014,23,1957,0.178,323,false
topjohnwu/magisk,9493,367,5,276,0.75,163,false
bin-huang/chatbox,9452,17,2,13,0.722,28,false
datatalksclub/data-engineering-zoomcamp,9443,201,6,141,0.698,113,false
lizardbyte/sunshine,9429,2120,6,1341,0.632,97,false
pkuflyingpig/cs-self-learning,9416,90,2,50,0.549,35,false
lfnovo/open-notebook,9413,194,2,193,0.99,47,false
quantumnous/new-api,9387,757,9,545,0.719,194,false
sipeed/picoclaw,9378,404,14,88,0.217,252,false
githubdaily/githubdaily,9369,6,1,6,0.857,4,false
itzcrazykns/perplexica,9357,170,1,170,0.994,85,false
mendableai/open-lovable,9329,6,2,3,0.429,24,false
mendableai/open-lovable,9329,6,2,3,0.429,24,false
facebookresearch/vggt,9298,196,1,196,0.995,30,false
modelcontextprotocol/typescript-sdk,9277,1201,21,386,0.321,270,false
deepseek-ai/3fs,9250,100,6,82,0.812,52,false
nanobrowser/nanobrowser,9192,107,1,107,0.991,40,false
golang/go,9130,2311,1,2311,1.0,247,false
mozilla-firefox/firefox,9123,19233,3,17369,0.903,26,false
hyprwm/hyprland,9112,987,2,879,0.89,268,false
openai/openai-cookbook,9110,599,84,63,0.105,186,false
umami-software/umami,9095,805,3,534,0.663,137,false
stan-smith/fossflow,9074,161,4,115,0.71,32,false
usestrix/strix,9066,194,4,181,0.928,39,false
nvm-sh/nvm,9059,93,2,87,0.926,50,false
ohmyzsh/ohmyzsh,9053,195,4,158,0.806,222,false
frappe/erpnext,9052,5570,36,1425,0.256,301,false
elder-plinius/l1b3rt4s,9051,79,1,79,0.988,11,false
nocodb/nocodb,9037,14458,16,8277,0.572,72,false
graphiteeditor/graphite,9028,2679,13,1113,0.415,108,false
datawhalechina/llm-cookbook,9023,9,3,6,0.6,4,false
vercel-labs/agent-skills,9016,78,10,25,0.316,33,false
pydantic/pydantic-ai,9011,4204,16,1371,0.326,424,false
canner/wrenai,8944,1382,14,633,0.458,49,false
3b1b/manim,8935,26,1,26,0.963,32,false
payloadcms/payload,8930,6045,19,1421,0.235,330,false
vectifyai/pageindex,8925,173,5,106,0.609,32,false
open-ani/animeko,8922,1311,5,925,0.705,28,false
d2l-ai/d2l-zh,8919,,,,,32,false
opencode-ai/opencode,8912,100,3,70,0.693,65,false
router-for-me/cliproxyapi,8911,1200,5,821,0.684,192,false
deepseek-ai/deepseek-ocr,8907,3,1,3,0.75,18,false
getasterisk/claudia,8907,66,3,38,0.567,50,false
assafelovic/gpt-researcher,8888,306,3,280,0.912,124,false
hagezi/dns-blocklists,8880,1070,1,1070,0.999,27,false
gkd-kit/gkd,8872,221,1,221,0.995,7,false
remotion-dev/remotion,8861,3775,9,3388,0.897,75,false
tensorflow/tensorflow,8856,57429,17,56848,0.99,299,true
activepieces/activepieces,8799,73930,24,57696,0.78,292,false
roboflow/supervision,8786,773,13,261,0.337,44,true
run-llama/llama_index,8768,1989,16,1431,0.719,546,true
mountain-loop/yaak,8755,1020,3,1003,0.982,41,false
caddyserver/caddy,8748,406,6,189,0.464,95,false
liguodongiot/llm-action,8735,19,1,19,0.95,,false
vercel-labs/agent-browser,8726,395,4,360,0.909,102,false
harvard-edge/cs249r_book,8724,3217,9,2580,0.802,42,false
funaudiollm/cosyvoice,8720,120,3,108,0.893,60,false
tailwindlabs/tailwindcss,8720,1809,7,765,0.423,96,false
yalter/niri,8718,953,3,527,0.552,166,false
appflowy-io/appflowy,8694,731,6,315,0.43,48,false
motiadev/motia,8682,1219,13,217,0.178,46,false
ruvnet/wifi-densepose,8667,90,1,90,0.989,6,false
camel-ai/camel,8665,5492,76,2344,0.427,188,false
stanfordnlp/dspy,8657,941,19,343,0.364,219,false
calcom/cal.com,8655,20892,44,2938,0.141,493,false
searxng/searxng,8644,1493,9,815,0.546,85,false
czlonkowski/n8n-mcp,8639,613,2,460,0.749,35,false
duckdb/duckdb,8632,2039,5,1632,0.8,252,false
web-infra-dev/midscene,8609,3630,9,1589,0.438,57,false
tadata-org/fastapi_mcp,8604,79,5,57,0.713,47,false
microsoft/ai-for-beginners,8599,222,6,102,0.457,33,false
songquanpeng/one-api,8563,113,1,113,0.991,47,false
louis-e/arnis,8549,547,3,528,0.964,53,false
anthropics/anthropic-cookbook,8527,43,12,21,0.477,36,false
github/gitignore,8524,131,5,85,0.644,175,false
zeroclaw-labs/zeroclaw,8508,1884,18,901,0.478,296,false
oumi-ai/oumi,8503,2647,22,464,0.175,53,false
deepseek-ai/deepep,8492,251,7,147,0.583,59,false
alistgo/alist,8486,164,6,114,0.691,76,false
bitcoin/bitcoin,8486,953,6,500,0.524,307,false
minio/minio,8453,176,6,151,0.853,80,false
ocornut/imgui,8428,840,1,840,0.999,128,false
santifer/career-ops,8428,68,4,54,0.783,53,false
juliusbrussee/caveman,8427,18,2,15,0.789,38,false
zhayujie/chatgpt-on-wechat,8417,149,3,134,0.893,22,false
n8n-io/self-hosted-ai-starter-kit,8390,11,2,6,0.5,47,false
shiyu-coder/kronos,8376,19,1,19,0.95,20,false
keploy/keploy,8367,2973,28,489,0.164,139,false
vitejs/vite,8361,1592,15,751,0.471,295,false
jdx/mise,8357,6139,6,3588,0.584,330,false
gohugoio/hugo,8342,658,3,581,0.882,73,false
hw-whistleblower/true-story-of-pangu,8319,4,1,4,0.8,6,false
ventoy/ventoy,8315,48,1,48,0.98,41,false
xpipe-io/xpipe,8295,1619,2,1610,0.994,15,false
vnpy/vnpy,8277,81,1,81,0.988,14,false
guijiai/heygem.ai,8274,84,2,76,0.894,10,false
liquidslr/leetcode-company-wise-problems,8274,8,1,8,0.889,7,false
hesamsheikh/awesome-openclaw-usecases,8238,25,2,17,0.654,32,false
plait-board/drawnix,8229,248,6,221,0.888,17,false
coleam00/context-engineering-intro,8217,11,1,11,0.917,17,false
junegunn/fzf,8197,426,3,385,0.902,56,false
googleapis/genai-toolbox,8194,7858,34,2504,0.319,122,false
vanna-ai/vanna,8184,52,2,49,0.925,53,false
c4illin/convertx,8169,277,4,242,0.871,36,false
mindsdb/mindsdb,8150,3558,26,593,0.167,109,false
sdmg15/best-websites-a-programmer-should-visit,8143,5,1,5,0.833,71,false
ffmpeg/asm-lessons,8118,23,1,23,0.958,19,false
sinaptik-ai/pandas-ai,8112,335,7,173,0.515,29,false
weifeng2333/videocaptioner,8111,74,2,72,0.96,20,false
1panel-dev/1panel,8103,1804,9,735,0.407,55,false
labring/fastgpt,8103,2118,9,1865,0.88,113,false
shareai-lab/analysis_claude_code,8103,3,1,3,0.75,1,false
upscayl/upscayl,8100,38,4,21,0.538,29,false
siddharthvaddem/openscreen,8080,115,1,115,0.991,56,false
hkuds/rag-anything,8077,104,6,84,0.8,31,false
chiphuyen/aie-book,8071,10,1,10,0.909,6,false
dioxuslabs/dioxus,8070,1190,4,1081,0.908,154,false
marimo-team/marimo,8036,6015,16,2545,0.423,176,false
openbmb/minicpm-o,8022,110,9,32,0.288,17,false
juanfont/headscale,8015,372,5,179,0.48,72,false
kestra-io/kestra,8004,8242,29,1429,0.173,252,false
sagernet/sing-box,7986,1527,5,1355,0.887,87,false
anthropics/courses,7975,,,,,22,false
rybbit-io/rybbit,7974,1824,10,1470,0.805,44,false
yetone/avante.nvim,7972,1093,9,1034,0.945,204,false
milvus-io/milvus,7957,3220,12,2956,0.918,139,false
microsoft/graphrag,7931,1028,14,291,0.283,61,false
xinnan-tech/xiaozhi-esp32-server,7924,2203,28,1009,0.458,167,false
qwibitai/nanoclaw,7923,416,5,280,0.671,231,false
qwenlm/qwen2.5-vl,7916,55,4,47,0.839,34,false
filamentphp/filament,7895,2032,7,2001,0.984,419,false
ffmpeg/ffmpeg,7894,1408,1,1408,0.999,3,false
accumulatemore/cv,7887,65,1,65,0.985,1,false
sjj1024/pakeplus,7885,895,2,894,0.998,36,false
wan-video/wan2.2,7885,13,4,6,0.429,35,false
aidenybai/react-scan,7865,452,6,211,0.466,35,false
obsproject/obs-studio,7861,388,8,317,0.815,148,false
apache/superset,7833,6903,30,1377,0.199,415,false
nvidia/cosmos,7833,46,6,18,0.383,16,false
mathfoundationrl/book-mathematical-foundation-of-reinforcement-learning,7809,40,1,40,0.976,1,false
antiwork/gumroad,7802,3074,27,489,0.159,225,false
metacubex/mihomo,7789,627,6,589,0.938,56,false
trycua/cua,7762,1434,16,515,0.359,64,false
appwrite/appwrite,7748,5446,31,964,0.177,119,false
physical-intelligence/openpi,7742,112,9,43,0.381,62,false
mtdvio/every-programmer-should-know,7738,10,1,10,0.909,7,false
abhigyanpatwari/gitnexus,7732,522,8,307,0.587,69,false
chroma-core/chroma,7703,8792,24,1441,0.164,127,true
bytedance/ui-tars,7701,74,6,47,0.627,17,false
sapientinc/hrm,7698,3,2,2,0.5,17,false
jackjackbits/bitchat,7697,28,1,28,0.966,27,false
lucide-icons/lucide,7697,712,4,521,0.731,226,false
withastro/astro,7684,7839,24,2892,0.369,230,false
hkuds/deepcode,7673,82,6,57,0.687,18,false
contains-studio/agents,7671,,,,,6,false
chatanywhere/gpt_api_free,7661,13,1,13,0.929,3,false
chartdb/chartdb,7647,807,3,694,0.859,33,false
amruthpillai/reactive-resume,7641,1248,5,985,0.789,69,false
permissionlesstech/bitchat,7638,448,4,372,0.829,64,false
krillinai/krillinai,7637,310,3,168,0.54,13,false
posthog/posthog,7624,78748,173,13986,0.178,306,false
qwenlm/qwen3,7615,37,4,31,0.816,25,false
jordanbaird/ice,7607,30,1,30,0.968,13,false
penpot/penpot,7604,7598,22,2099,0.276,69,false
zackriya-solutions/meeting-minutes,7550,270,5,163,0.601,21,false
keycloak/keycloak,7542,3206,19,935,0.292,349,false
exelban/stats,7541,185,1,185,0.995,46,false
qwenlm/qwen-agent,7541,44,2,43,0.956,40,false
satnaing/shadcn-admin,7538,88,1,88,0.989,38,false
capsoftware/cap,7527,3384,8,1121,0.331,78,false
grafana/grafana,7513,46935,316,2434,0.052,624,false
burntsushi/ripgrep,7508,44,1,44,0.978,74,false
danielmiessler/seclists,7499,1511,4,1352,0.894,50,false
fighting41love/funnlp,7493,,,,,4,false
ashishpatel26/500-ai-machine-learning-deep-learning-computer-vision-nlp-projects-with-code,7490,,,,,5,false
awesomedata/awesome-public-datasets,7488,20,1,20,0.952,14,false
tianxingchen/embodied-ai-guide,7486,168,12,119,0.704,38,false
cheahjs/free-llm-api-resources,7480,64,2,42,0.646,20,false
helix-editor/helix,7455,1031,5,773,0.749,435,false
deepseek-ai/open-infra-index,7452,23,2,19,0.792,8,false
rockchinq/langbot,7450,639,4,572,0.894,30,false
eythaann/seelen-ui,7437,2106,3,1366,0.648,30,false
putyy/res-downloader,7422,88,1,88,0.989,4,false
kepano/obsidian-skills,7406,7,1,7,0.875,18,false
rikkaapps/shizuku,7391,13,2,7,0.5,69,false
ag-ui-protocol/ag-ui,7381,1292,21,188,0.145,83,false
codexu/note-gen,7377,941,3,936,0.994,35,false
netbirdio/netbird,7374,4055,19,1049,0.259,83,false
rvc-project/retrieval-based-voice-conversion-webui,7374,,,,,23,false
ashishps1/awesome-leetcode-resources,7369,11,1,11,0.917,8,false
sjzar/chatlog,7365,58,1,58,0.983,12,false
the-pocket/pocketflow,7341,334,1,334,0.997,32,false
langchain-ai/open_deep_research,7326,172,5,107,0.618,45,false
tesseract-ocr/tesseract,7326,49,5,27,0.54,26,false
tailscale/tailscale,7320,5408,73,819,0.151,164,false
charmbracelet/bubbletea,7316,454,8,328,0.721,41,false
commaai/openpilot,7316,14776,23,7204,0.488,173,false
mihomo-party-org/mihomo-party,7312,56,3,28,0.491,13,false
strapi/strapi,7304,2887,38,446,0.154,231,false
virattt/dexter,7303,129,1,129,0.992,44,false
getmaxun/maxun,7299,1515,3,1050,0.693,14,false
tibixdev/winboat,7296,125,4,92,0.73,41,false
modsetter/surfsense,7290,1034,2,898,0.868,60,false
topoteretes/cognee,7274,4316,23,1080,0.25,140,false
chenglou/pretext,7273,81,1,81,0.988,18,false
slidevjs/slidev,7268,222,4,169,0.758,77,false
coqui-ai/tts,7267,,,,,21,true
ruvnet/claude-flow,7257,2141,3,2126,0.993,58,false
anthropics/claude-cookbooks,7246,110,21,56,0.505,48,false
clickhouse/clickhouse,7242,29932,88,4930,0.165,566,false
eugeny/tabby,7242,212,2,116,0.545,34,false
jd-opensource/joyagent-jdgenie,7224,65,9,38,0.576,43,false
cjpais/handy,7221,360,1,360,0.997,109,false
jesseduffield/lazydocker,7211,13,2,12,0.857,34,false
iofficeai/aionui,7208,1707,13,445,0.261,69,false
mrdoob/three.js,7190,1893,8,838,0.442,233,false
tldr-pages/tldr,7176,4807,46,2585,0.538,479,false
binwiederhier/ntfy,7146,246,1,246,0.996,53,false
blakeblackshear/frigate,7145,2237,4,1279,0.571,155,false
milla-jovovich/mempalace,7143,22,3,19,0.826,59,false
rendercv/rendercv,7132,259,3,222,0.854,52,false
warpdotdev/warp,7123,198,32,25,0.126,32,false
superclaude-org/superclaude_framework,7109,138,3,90,0.647,30,false
winapps-org/winapps,7101,105,6,78,0.736,47,false
microsoft/typescript,7098,551,16,148,0.268,153,false
microsoft/typescript,7098,551,16,148,0.268,153,false
hkuds/deeptutor,7086,325,5,169,0.518,39,false
kalyanks-nlp/llm-engineer-toolkit,7086,17,1,17,0.944,11,false
vert-sh/vert,7086,262,3,129,0.49,27,false
genesis-embodied-ai/genesis,7063,777,13,559,0.719,81,false
menloresearch/jan,7059,2334,19,641,0.275,49,false
cloudwego/eino,7056,1569,12,432,0.275,46,false
2025emma/vibe-coding-cn,7053,,,,,1,false
traefik/traefik,7035,175,3,173,0.983,169,false
diygod/rsshub,7020,3201,7,1242,0.388,320,false
nextjs/saas-starter,7013,27,1,27,0.964,65,false
llmware-ai/llmware,7006,77,2,76,0.974,14,false
fffaraz/awesome-cpp,7004,77,5,48,0.615,58,false
jiangrui1994/cloudsaver,6992,110,1,110,0.991,2,false
zaidmukaddam/scira,6992,348,1,348,0.997,44,false
steveyegge/beads,6984,3578,6,3508,0.98,231,false
actualbudget/actual,6983,3532,18,1219,0.345,249,false
aykutsarac/jsoncrack.com,6962,95,2,94,0.979,32,false
rtk-ai/rtk,6942,321,7,114,0.354,114,false
bytedance/trae-agent,6940,106,2,104,0.972,50,false
zyphra/zonos,6915,36,4,24,0.649,38,false
1panel-dev/maxkb,6911,3068,11,846,0.276,50,false
svcvit/awesome-dify-workflow,6911,68,1,68,0.986,5,false
manimcommunity/manim,6903,210,6,79,0.374,85,false
hiddify/hiddify-app,6900,41,2,30,0.714,26,false
game1024/openspeedy,6899,232,1,232,0.996,1,false
hummingbot/hummingbot,6896,894,6,358,0.4,109,false
electronicarts/cnc_red_alert,6885,,,,,,false
yorukot/superfile,6877,1259,5,801,0.636,57,false
safishamsi/graphify,6873,99,1,99,0.99,39,false
microsoft/rd-agent,6864,2872,22,646,0.225,41,false
florinpop17/app-ideas,6858,,,,,63,false
mattpocock/skills,6844,18,1,18,0.947,6,false
foundationagents/openmanus,6840,35,3,25,0.694,68,false
onyx-dot-app/onyx,6832,15256,33,1574,0.103,174,false
m1k1o/neko,6827,133,1,133,0.993,24,false
aapanel/billionmail,6820,427,6,125,0.292,11,false
tencent/weknora,6820,225,3,181,0.801,45,false
fish2018/pansou,6804,120,1,120,0.992,7,false
ds4sd/docling,6798,441,12,98,0.222,31,false
dgtlmoon/changedetection.io,6794,1030,2,1024,0.993,52,false
dopplerhq/awesome-interview-questions,6762,,,,,1,false
nikitabobko/aerospace,6758,252,2,246,0.972,69,false
jamez-bondos/awesome-gpt4o-images,6753,123,2,104,0.839,8,false
gin-gonic/gin,6751,144,4,115,0.793,93,false
bagisto/bagisto,6745,629,6,618,0.981,69,false
slopus/happy,6744,381,5,246,0.644,73,false
zilliztech/deep-searcher,6733,148,5,111,0.745,33,false
simular-ai/agent-s,6729,194,6,152,0.779,25,false
confident-ai/deepeval,6727,1587,6,638,0.402,157,false
othmanadi/planning-with-files,6727,84,2,83,0.976,16,false
ajeetdsouza/zoxide,6724,62,1,62,0.984,48,false
opencv/opencv,6714,1149,5,606,0.527,274,false
trekhleb/javascript-algorithms,6706,9,1,9,0.9,29,false
remoteintech/remote-jobs,6701,96,3,84,0.866,66,false
geeeekexplorer/nano-vllm,6698,33,1,33,0.971,44,false
ziglang/zig,6698,1524,12,651,0.427,361,false
fishaudio/fish-speech,6688,88,6,33,0.371,46,false
binhnguyennus/awesome-scalability,6687,12,1,12,0.923,8,false
go-gitea/gitea,6685,1643,16,498,0.303,229,false
vikparuchuri/marker,6681,400,5,293,0.731,19,false
hkuds/autoagent,6679,26,4,11,0.407,9,false
mark3labs/mcp-go,6679,458,7,317,0.691,181,false
openai/openai-realtime-agents,6676,64,5,46,0.708,48,false
facebook/react-native,6634,3749,24,2389,0.637,375,false
electron/electron,6633,5851,18,1617,0.276,192,false
simplescaling/s1,6632,49,3,46,0.92,16,false
labmlai/annotated_deep_learning_paper_implementations,6631,11,1,11,0.917,5,false
xtls/xray-core,6630,906,7,520,0.573,99,false
bevyengine/bevy,6610,2065,7,1953,0.945,506,false
zbezj/heu_kms_activator,6609,3,1,3,0.75,,false
codephiliax/chat2db,6597,12,4,7,0.538,16,false
nicbarker/clay,6594,360,2,350,0.97,107,false
yeachan-heo/oh-my-claudecode,6582,980,2,978,0.997,91,false
bggrgjqaubcoe/piliplus,6579,1306,2,1294,0.99,46,false
hkuds/cli-anything,6577,72,5,65,0.89,37,false
koreader/koreader,6576,449,7,299,0.664,106,false
modelscope/ms-swift,6575,1332,10,911,0.683,108,false
outline/outline,6556,5114,9,2485,0.486,75,false
starship/starship,6555,1710,6,982,0.574,128,false
karpathy/llm-council,6551,,,,,48,false
lastmile-ai/mcp-agent,6544,816,11,375,0.459,66,false
alibaba-nlp/deepresearch,6543,44,7,24,0.533,11,false
coreyhaines31/marketingskills,6538,84,2,80,0.941,21,false
dbeaver/dbeaver,6530,4693,33,1838,0.392,100,false
the-pocket/tutorial-codebase-knowledge,6523,57,1,57,0.983,15,false
easychen/one-person-businesses-methodology-v2.0,6522,2,1,2,0.667,2,false
ryoppippi/ccusage,6514,1557,2,975,0.626,75,false
awslabs/mcp,6511,3094,40,732,0.237,299,false
krayin/laravel-crm,6505,285,7,209,0.731,34,false
ibttf/interview-coder,6504,54,1,54,0.982,11,false
fuma-nama/fumadocs,6479,2358,3,2004,0.85,97,false
microsoft/vscode-copilot-chat,6479,4637,65,1636,0.353,147,false
nvbn/thefuck,6458,,,,,16,false
ytdl-org/youtube-dl,6457,15,1,15,0.938,31,false
django/django,6448,1070,4,373,0.348,422,false
alibaba/spring-ai-alibaba,6446,1102,20,438,0.397,207,false
the-cool-coders/project-ideas-and-resources,6436,,,,,11,false
xiaoyaocz/dart_simple_live,6424,74,1,74,0.987,37,false
automaapp/automa,6420,43,1,43,0.977,16,false
foundationagents/metagpt,6418,4,1,4,0.8,30,false
deskflow/deskflow,6403,2772,3,1916,0.691,51,false
dockur/macos,6398,69,2,64,0.914,9,false
microsoft/agent-lightning,6394,1030,9,851,0.825,36,false
tensorzero/tensorzero,6393,11233,18,2610,0.232,119,false
snailclimb/javaguide,6385,156,1,156,0.994,65,false
voltagent/awesome-claude-code-subagents,6377,45,2,44,0.957,35,false
roocodeinc/roo-code,6366,5772,23,1444,0.25,260,false
qwenlm/qwen3-coder,6361,8,2,7,0.778,12,false
colinhacks/zod,6356,961,5,953,0.991,280,false
streamlit/streamlit,6353,10918,31,3999,0.366,162,false
googlecloudplatform/kubectl-ai,6351,251,4,201,0.798,59,false
coder/code-server,6347,226,2,164,0.722,41,false
freecad/freecad,6346,2641,16,1014,0.384,276,false
ruvnet/ruview,6345,148,3,144,0.966,13,false
rust-lang/rustlings,6343,53,4,44,0.815,45,false
drizzle-team/drizzle-orm,6341,976,10,303,0.31,201,false
microsoft/magentic-ui,6338,330,11,183,0.553,37,false
hangwin/mcp-chrome,6329,64,1,64,0.985,17,false
pmndrs/zustand,6327,165,4,116,0.699,81,false
crestalnetwork/intentkit,6324,951,7,786,0.826,48,false
yikart/aitoearn,6315,426,8,131,0.307,12,false
birobirobiro/awesome-shadcn-ui,6310,290,3,193,0.663,102,false
lyswhut/lx-music-desktop,6307,97,1,97,0.99,10,false
cyclotruc/gitingest,6306,246,6,143,0.579,56,false
mifi/lossless-cut,6305,113,2,108,0.947,12,false
metabase/metabase,6302,45163,100,2833,0.063,190,false
youhunwl/tvapp,6301,403,1,403,0.998,1,false
microsoft/terminal,6300,1046,10,469,0.448,99,false
modelcontextprotocol/inspector,6295,443,22,189,0.426,144,false
google/adk-samples,6293,855,29,339,0.396,165,false
nikmcfly/anus,6291,7,2,5,0.625,11,false
jnsahaj/tweakcn,6283,702,4,662,0.942,46,false
ray-project/ray,6283,12514,80,1780,0.142,509,true
rust-unofficial/awesome-rust,6269,236,1,236,0.996,132,false
twitter/the-algorithm,6266,,,,,19,false
youngyangyang04/leetcode-master,6261,43,1,43,0.977,62,false
laurent22/joplin,6255,1711,6,1260,0.736,180,false
olow304/memvid,6248,6,1,6,0.857,13,false
docker/awesome-compose,6233,,,,,33,false
hyde-project/hyde,6231,1091,4,958,0.877,101,false
louislam/dockge,6223,27,3,18,0.643,28,false
magicuidesign/magicui,6215,468,4,315,0.672,76,false
kuchin/awesome-cto,6214,6,1,6,0.857,7,false
gradio-app/gradio,6208,5146,12,1548,0.301,146,false
jgraph/drawio-desktop,6206,92,3,84,0.903,9,false
yunaiv/ruoyi-vue-pro,6205,127,4,113,0.883,31,false
bytebot-ai/bytebot,6201,289,2,246,0.848,21,false
huanshere/videolingo,6189,78,1,78,0.987,12,false
snapchat/valdi,6189,157,1,157,0.994,13,false
koljab/realtimestt,6181,19,1,19,0.95,13,false
tobi/qmd,6173,111,2,107,0.955,84,false
moonshotai/kimi-k2,6170,23,6,10,0.417,7,false
fastfetch-cli/fastfetch,6150,632,1,632,0.998,88,false
zhongyang219/trafficmonitor,6144,140,1,140,0.993,18,false
wavetermdev/waveterm,6129,2272,6,1309,0.576,47,false
agentscope-ai/agentscope,6127,346,5,214,0.617,63,false
huggingface/trl,6125,3521,21,2230,0.633,280,true
ccxt/ccxt,6124,5329,3,3893,0.73,114,false
prakhar1989/awesome-courses,6122,,,,,,false
aristocratos/btop,6121,137,4,51,0.37,56,false
rclone/rclone,6115,466,8,354,0.758,199,false
biomejs/biome,6103,4758,23,1336,0.281,218,false
waydabber/betterdisplay,6101,31,1,31,0.969,3,false
openai/openai-python,6098,1599,8,1528,0.955,150,true
denoland/deno,6097,2751,26,1095,0.398,199,false
abi/screenshot-to-code,6081,154,1,154,0.994,21,false
facebook/docusaurus,6068,824,4,534,0.647,154,false
4ian/gdevelop,6067,2346,10,726,0.309,33,false
pranshuparmar/witr,6067,136,3,132,0.964,28,false
lauriewired/ghidramcp,6063,24,1,24,0.96,32,false
jamiepine/voicebox,6060,231,1,231,0.996,22,false
cinnamon/kotaemon,6044,103,4,79,0.76,35,false
krishnadey30/leetcode-questions-companywise,6038,,,,,9,false
nickscamara/open-deep-research,6033,32,1,32,0.97,17,false
infisical/infisical,6030,4861,27,613,0.126,109,false
gitlawb/openclaude,6029,194,6,130,0.667,62,false
gethomepage/homepage,6015,1384,4,665,0.48,144,false
naibowang/easyspider,6010,43,1,43,0.977,6,false
deepseek-ai/deepgemm,6009,190,8,143,0.749,48,false
freetubeapp/freetube,6008,955,9,549,0.574,75,false
logseq/logseq,6004,3748,8,2220,0.592,68,false
qdrant/qdrant,6001,4750,20,949,0.2,65,true
aureuserp/aureuserp,5996,394,2,392,0.992,18,false
meilisearch/meilisearch,5988,1979,16,621,0.314,59,false
supermemoryai/supermemory,5984,728,13,302,0.414,39,false
aquasecurity/trivy,5981,1009,12,478,0.473,122,false
karanpratapsingh/system-design,5978,2,1,2,0.667,9,false
nginxproxymanager/nginx-proxy-manager,5978,252,2,229,0.905,100,false
xyflow/xyflow,5978,665,6,283,0.425,44,false
ente-io/ente,5970,4620,20,1086,0.235,170,false
honojs/hono,5970,387,3,380,0.979,106,false
karakeep-app/karakeep,5969,602,3,596,0.988,103,false
soulter/astrbot,5968,562,4,544,0.966,32,false
wdndev/llm_interview_note,5944,2,1,2,0.667,6,false
agentdeskai/browser-tools-mcp,5942,35,1,35,0.972,24,false
rowboatlabs/rowboat,5938,1428,5,583,0.408,22,false
ufund-me/qbot,5932,6,1,6,0.857,3,false
firecrawl/open-lovable,5929,10,1,10,0.909,23,false
wg-easy/wg-easy,5921,244,4,162,0.661,64,false
elie222/inbox-zero,5919,4240,8,4079,0.962,53,false
iamgio/quarkdown,5907,1130,2,898,0.794,15,false
brunodev85/winlator,5901,24,1,24,0.96,22,false
letta-ai/letta,5894,610,12,198,0.324,63,false
bytedance/flowgram.ai,5889,403,8,287,0.71,33,false
qarmin/czkawka,5864,229,2,224,0.974,25,false
mihonapp/mihon,5847,403,1,403,0.998,65,false
johnshall/shadowrocket-adblock-rules-forever,5843,326,2,324,0.991,8,false
langchain-ai/deepagents,5842,3429,33,1292,0.377,145,false
hedge-dev/xenonrecomp,5840,14,2,13,0.867,22,false
nocobase/nocobase,5839,10566,20,2886,0.273,68,false
z4nzu/hackingtool,5821,1,1,1,0.5,10,false
valvesoftware/source-sdk-2013,5818,80,3,64,0.79,167,false
toon-format/toon,5799,66,1,66,0.985,24,false
promptfoo/promptfoo,5786,15739,44,6694,0.425,138,false
richards199999/thinking-claude,5783,11,2,9,0.75,7,false
nelvko/clash-for-linux-install,5779,357,2,247,0.69,11,false
yuliskov/smarttube,5778,1385,1,1385,0.999,68,false
sveltejs/svelte,5777,2946,21,1453,0.493,170,false
end-4/dots-hyprland,5776,1531,2,1216,0.794,207,false
nestjs/nest,5764,2471,3,1170,0.473,107,false
tldraw/tldraw,5761,5736,22,988,0.172,75,false
alexsjones/llmfit,5759,219,5,209,0.95,33,false
agentskills/agentskills,5755,32,3,23,0.697,25,false
dao-ailab/flash-attention,5749,686,7,358,0.521,104,true
grapeot/devin.cursorrules,5748,63,1,63,0.984,21,false
1c7/chinese-independent-developer,5724,585,1,585,0.998,56,false
anionex/banana-slides,5723,459,2,438,0.952,18,false
lightricks/ltx-video,5721,25,2,23,0.885,16,false
moghtech/komodo,5714,1140,1,1140,0.999,44,false
anthropics/claude-plugins-official,5713,171,17,41,0.238,159,false
systran/faster-whisper,5709,12,1,12,0.923,24,false
xpzouying/xiaohongshu-mcp,5704,168,4,125,0.74,40,false
qwenlm/qwen2.5,5700,11,3,9,0.75,9,false
bytedance/megatts3,5697,38,3,35,0.897,13,false
skyvern-ai/skyvern,5697,3629,19,1454,0.401,82,false
casey/just,5692,497,3,485,0.974,63,false
snarktank/ralph,5679,5,1,5,0.833,37,false
eigent-ai/eigent,5675,1468,18,714,0.486,63,false
qbittorrent/qbittorrent,5669,341,3,223,0.652,78,false
google-gemini/cookbook,5665,325,14,173,0.531,113,false
nomic-ai/gpt4all,5661,211,5,159,0.75,19,false
andymik90/auto-claude,5659,1503,7,1177,0.783,135,false
googleworkspace/cli,5657,278,4,178,0.638,47,false
ggml-org/whisper.cpp,5648,183,3,94,0.511,101,false
lukasz-madon/awesome-remote-job,5647,12,2,9,0.692,34,false
xai-org/x-algorithm,5646,,,,,,false
amir1376/ab-download-manager,5643,354,1,354,0.997,18,false
raysan5/raylib,5638,782,2,753,0.962,219,false
p-e-w/heretic,5629,78,2,77,0.975,31,false
files-community/files,5624,1829,5,1454,0.795,65,false
serengil/deepface,5613,166,1,166,0.994,25,false
lazyvim/lazyvim,5612,540,3,321,0.593,130,false
k-dense-ai/claude-scientific-skills,5609,121,2,115,0.943,24,false
mail-0/zero,5607,1540,18,439,0.285,172,false
cyc2018/cs-notes,5604,,,,,8,false
modelscope/funasr,5604,69,4,61,0.871,48,false
funstory-ai/babeldoc,5585,1115,2,809,0.725,20,false
google/a2ui,5580,419,19,61,0.145,70,false
textualize/textual,5574,876,2,869,0.991,77,false
babalae/better-genshin-impact,5571,1043,6,932,0.893,86,false
quentinfuxa/whisperlivekit,5567,158,1,158,0.994,26,false
hcengineering/platform,5561,3688,19,1386,0.376,53,false
hmjz100/linkswift,5560,70,1,70,0.986,4,false
facebookresearch/dinov3,5557,27,4,11,0.393,23,false
facebookresearch/dinov3,5557,27,4,11,0.393,23,false
gokumohandas/made-with-ml,5557,,,,,2,false
bmadcode/bmad-method,5549,60,1,60,0.984,41,false
996icu/996.icu,5544,3,1,3,0.75,12,false
kittenml/kittentts,5544,14,3,8,0.533,9,false
xiaojieonly/ehviewer_cn_sxj,5540,131,1,131,0.992,8,false
n4ze3m/page-assist,5534,380,1,380,0.997,21,false
lissy93/web-check,5527,25,2,16,0.615,16,false
multimodal-art-projection/yue,5526,124,7,89,0.712,10,false
mouredev/hello-python,5523,7,1,7,0.875,3,false
sharkdp/fd,5521,107,4,76,0.704,38,false
jlevy/the-art-of-command-line,5514,,,,,8,false
developer-y/cs-video-courses,5509,109,1,109,0.991,13,false
linkwarden/linkwarden,5506,697,2,639,0.915,45,false
apple/ml-fastvlm,5489,,,,,10,false
classicoldsong/apollo,5488,130,1,130,0.992,20,false
hannibal046/awesome-llm,5486,19,1,19,0.95,97,false
get-convex/convex-backend,5483,3228,13,3156,0.977,73,false
chaitin/pandawiki,5479,398,4,282,0.707,20,false
iib0011/omni-tools,5471,251,2,219,0.869,56,false
ueberdosis/tiptap,5471,1185,12,688,0.58,100,false
muratcankoylan/agent-skills-for-context-engineering,5461,66,1,66,0.985,15,false
nomenak/superclaude,5459,60,2,51,0.836,23,false
ai-dynamo/dynamo,5458,27703,119,9355,0.338,293,false
easytier/easytier,5458,527,5,472,0.894,67,false
xifangczy/cat-catch,5456,241,1,241,0.996,13,false
openai/skills,5452,71,20,15,0.208,58,false
droidrun/droidrun,5435,292,3,136,0.464,25,false
om-ai-lab/vlm-r1,5434,112,7,62,0.549,15,false
openspg/kag,5422,889,16,235,0.264,25,false
m-bain/whisperx,5414,69,3,56,0.8,62,false
facebookresearch/faiss,5401,596,11,200,0.335,93,true
revanced/revanced-manager,5387,454,13,132,0.29,29,false
localstack/localstack,5365,2650,45,360,0.136,103,false
zeyi-lin/hivisionidphotos,5364,9,1,9,0.9,5,false
teableio/teable,5345,2426,12,576,0.237,34,false
canopyai/orpheus-tts,5341,44,2,43,0.956,13,false
luongnv89/claude-howto,5338,79,1,79,0.988,16,false
langchain-ai/ollama-deep-researcher,5336,39,1,39,0.975,13,false
t8rin/imagetoolbox,5330,1342,2,1329,0.99,11,false
idosal/git-mcp,5323,286,2,203,0.707,22,false
microsoft/trellis,5298,9,3,7,0.7,15,false
arindam200/awesome-ai-apps,5293,140,3,115,0.816,34,false
mcp-use/mcp-use,5286,1560,10,685,0.439,58,false
zellij-org/zellij,5286,400,5,345,0.86,93,false
yeachan-heo/oh-my-codex,5281,760,3,723,0.95,47,false
volcengine/openviking,5271,813,13,260,0.319,95,false
longbridge/gpui-component,5269,1824,8,1517,0.831,61,false
valkey-io/valkey,5265,646,14,198,0.306,149,false
black-forest-labs/flux,5263,14,2,11,0.733,15,false
lc044/wechatmsg,5259,16,1,16,0.941,3,false
openpipe/art,5245,1548,10,567,0.366,25,false
bagisto/opensource-ecommerce-mobile-app,5241,17,2,15,0.833,3,false
sammwyy/mikumikubeam,5235,22,1,22,0.957,17,false
unopim/unopim,5230,202,5,109,0.537,25,false
samuelschmidgall/agentlaboratory,5228,31,1,31,0.969,30,false
awesome-foss/awesome-sysadmin,5224,27,3,17,0.607,50,false
sharkdp/bat,5215,293,6,110,0.374,83,false
sharkdp/bat,5215,293,6,110,0.374,83,false
werwolv/imhex,5213,916,4,809,0.882,49,false
marticliment/unigetui,5210,1214,3,867,0.714,27,false
ankitects/anki,5194,568,6,405,0.712,101,false
heyverse/hey,5194,1385,3,1006,0.726,11,false
automatisch/automatisch,5188,695,5,408,0.586,21,false
janhq/jan,5184,1283,13,362,0.282,68,false
datawhalechina/llm-universe,5181,39,4,18,0.45,15,false
wailsapp/wails,5172,961,7,876,0.911,111,false
beehiveinnovations/zen-mcp-server,5171,299,2,222,0.74,61,false
langmanus/langmanus,5170,87,3,68,0.773,19,false
labuladong/fucking-algorithm,5169,9,1,9,0.9,4,false
uvdesk/community-skeleton,5168,17,2,14,0.778,4,false
barry-ran/qtscrcpy,5150,47,1,47,0.979,14,false
getasterisk/deepclaude,5144,2,1,2,0.667,2,false
ubicloud/ubicloud,5137,5241,14,817,0.156,24,false
refly-ai/refly,5136,2981,17,1088,0.365,32,false
straymeteor3337/wechatrealfriends,5120,15,1,15,0.938,4,false
nevamind-ai/memu,5115,233,8,76,0.325,36,false
coreybutler/nvm-windows,5098,11,1,11,0.917,20,false
bytedance/monolith,5086,,,,,,false
alienator88/pearcleaner,5074,287,1,287,0.997,20,false
rothgar/awesome-tuis,5037,174,1,174,0.994,127,false
hkuds/ai-trader,5027,153,6,78,0.506,18,false
fastrepl/hyprnote,5005,4049,14,2324,0.574,30,false
zijie0/humansystemoptimization,4989,2,1,2,0.667,,false
shardeum/shardeum,4832,775,21,344,0.443,27,false
oursources/worldofpixels-server,7,,,,,,false
